pair_id,sent_1,sent_2,pron_1,pron_2,pron_word_id_1,pron_word_id_2,option_1,option_2,option_1_word_id_1,option_2_word_id_1,option_1_word_id_2,option_2_word_id_2,context_1,context_2,context_word_id,verb_1,verb_2,verb_word_id_1,verb_word_id_2,pron_1_replacement,pron_2_replacement,pron_1_new,pron_2_new
0-3Z33IC0JC20J0PR16LU4O9N59PP9VA,James slid down from the top of the roof to the fence because the _ is taller.,James slid down from the top of the roof to the fence because the _ is shorter.,_,_,14,14,roof,fence,8,11,8,11,taller,shorter,16,is,is,15,15,it,it,the _,the _
0-3HUR21WDDW3Q5F44ECN2BBDGX39XY2,Angela prefers to wear skirts while Amy prefers long pants. _ wears pantyhose.,Angela prefers to wear skirts while Amy prefers long pants. _ wears dress socks and sandals.,_,_,10,10,Angela,Amy,0,6,0,6,pantyhose,dress socks and sandals,12,wears,wears,11,11,She,She,_,_
0-3XU9MCX6VQQG7YPLCSAFDPQNHJ9R2N,"Mary has bad dandruff, but Cynthia has never had that issue. _ lives in a dryer climate.","Mary has bad dandruff, but Cynthia has never had that issue. _ lives in a wetter climate.",_,_,11,11,Mary,Cynthia,0,5,0,5,dryer,wetter,15,lives,lives,12,12,She,She,_,_
0-3LCXHSGDLVKK3T1EK15L50492I3ESD,The pan placed over the flame does not get hot fast enough because the _ is high.,The pan placed over the flame does not get hot fast enough because the _ is low.,_,_,14,14,pan,flame,1,5,1,5,high,low,16,is,is,15,15,it,it,the _,the _
0-368IUKXGA7MJDMS7M2ITY77LY086P4,It appears more jars can easily fit into the bags if attempted. He never knew the _ are that small.,It appears more jars can easily fit into the bags if attempted. He never knew the _ are that big.,_,_,16,16,jars,bags,3,9,3,9,small,big,19,are,are,17,17,they,they,the _,the _
0-3BKZLF9901D6WI3SSYSAH3HN0SJYQN,James could not hear the sound of his television over his neighbor because his _ was too quiet.,James could not hear the sound of his television over his neighbor because his _ was too noisy.,_,_,14,14,television,neighbor,8,11,8,11,quiet,noisy,17,was,was,15,15,it,he,his _,his _
0-31KPKEKW4CRMVH5I18KBUMS54RV0BW,John wanted to exchange the tea with the popsicle because it was a hot day already and the _ was hot.,John wanted to exchange the tea with the popsicle because it was a hot day already and the _ was cold.,_,_,18,18,tea,popsicle,5,8,5,8,hot,cold,20,was,was,19,19,it,it,the _,the _
0-3RHLQY6EDT2HFDMWE7MJ9HI9TDGD4N,"Katrina orders water at the bar, while Emily has a nice, cold beer, so _ is sober.","Katrina orders water at the bar, while Emily has a nice, cold beer, so _ is drunk.",_,_,14,14,Katrina,Emily,0,7,0,7,sober,drunk,16,is,is,15,15,she,she,_,_
0-33EEIIWHK9LPSO8NNN5QA4DTIBHVQB,The pressure of the water increased when it flowed from the tank to the pipe because the _ is wider.,The pressure of the water increased when it flowed from the tank to the pipe because the _ is narrower.,_,_,17,17,tank,pipe,11,14,11,14,wider,narrower,19,is,is,18,18,it,it,the _,the _
0-3PEG1BH7AG5O87CM51UTD67DGXSKBP,It is better to play a prank on Samuel than Craig because _ gets angry less often.,It is better to play a prank on Samuel than Craig because _ gets angry more often.,_,_,12,12,Samuel,Craig,8,10,8,10,less,more,15,gets,gets,13,13,he,he,_,_
0-32L724R85LIKCHO145FI3C9HHW7PIK,Tim decided to shave his beard instead of his head since his wife thought that his _ was uglier.,Tim decided to shave his beard instead of his head since his wife thought that his _ was tolerable.,_,_,16,16,beard,head,5,9,5,9,uglier,tolerable,18,was,was,17,17,it,it,his _,his _
0-35XW21VSVISY9ZB61NSPIVUTBGOLST,John almost emptied his gas tank while driving around the border of the new town. The _ is small.,John almost emptied his gas tank while driving around the border of the new town. The _ is long.,_,_,16,16,tank,border,5,10,5,10,small,long,18,is,is,17,17,It,It,The _,The _
0-375VSR8FVW7RJKTQH17T82CMERXRZB,The helmet will not fit on the teenager's head because the _ is extremely tapered.,The helmet will not fit on the teenager's head because the _ is extremely broad.,_,_,11,11,helmet,head,1,8,1,8,tapered,broad,14,is,is,12,12,it,it,the _,the _
0-33CLA8O0MI9LE32QGPDM5AW42L1RFJ,"Robert threw the dish on the floor and Jeffrey cleaned it up, because _ is the master.","Robert threw the dish on the floor and Jeffrey cleaned it up, because _ is the servant.",_,_,13,13,Robert,Jeffrey,0,8,0,8,master,servant,16,is,is,14,14,he,he,_,_
0-33CLA8O0MKP08S1X0NPMX8KDRJWRFK,James dropped the crayon on the table and it got broken. The _ is brittle.,James dropped the crayon on the table and it got broken. The _ is hard.,_,_,12,12,crayon,table,3,6,3,6,brittle,hard,14,is,is,13,13,It,It,The _,The _
0-3HJ1EVZS2QX5SGL4GSOKWZVGOV7R3V,James managed to put the file into the crack because the _ was flat enough.,James managed to put the file into the crack because the _ was wide enough.,_,_,11,11,file,crack,5,8,5,8,flat,wide,13,was,was,12,12,it,it,the _,the _
0-359AP8GAGGI4T8Y1G9PFSNK14URC72,Ellen opted to eat the tortillas rather than the nachos because she is on a low-carb diet. The _ have less carbs.,Ellen opted to eat the tortillas rather than the nachos because she is on a low-carb diet. The _ have more carbs.,_,_,18,18,tortillas,nachos,5,9,5,9,less,more,20,have,have,19,19,They,They,The _,The _
0-37SDSEDIN90O6JTMAHS1PRX56ZT81D,Rachel drinks a lot of milk but Kayla does not and as a result _ has very strong bones.,Rachel drinks a lot of milk but Kayla does not and as a result _ has very weak bones.,_,_,14,14,Rachel,Kayla,0,7,0,7,strong,weak,17,has,has,15,15,she,she,_,_
0-3UL5XDRDNEX2OQTCV26DKFYUBHU857,Jane's finger could not fit into the ring her boyfriend bought for her because the _ is wide.,Jane's finger could not fit into the ring her boyfriend bought for her because the _ is small.,_,_,15,15,finger,ring,1,7,1,7,wide,small,17,is,is,16,16,it,it,the _,the _
0-3PUV2Q8SV4210C75TMW6HVOF37MBDK,"Rachel enjoys sleeping on the ground, while Tanya really can't stand it, because _ happens to prefer hard surfaces.","Rachel enjoys sleeping on the ground, while Tanya really can't stand it, because _ happens to prefer soft surfaces.",_,_,13,13,Rachel,Tanya,0,7,0,7,hard,soft,17,happens,happens,14,14,she,she,_,_
0-3Y3CZJSZ9KRTC691AD0DJY5R8815RL,"Ian likes dark chocolate more than Brett, who prefers milk chocolate, so _ is likely to be more mature.","Ian likes dark chocolate more than Brett, who prefers milk chocolate, so _ is likely to be childlike.",_,_,12,12,Ian,Brett,0,6,0,6,more mature,childlike,17,is,is,13,13,he,he,_,_
0-3D4BBDG7ZJA1MEWLYVYP74WTNCO3CI,The basketball did no go through the net when it was dunked because the _ is big.,The basketball did no go through the net when it was dunked because the _ is narrow.,_,_,14,14,basketball,net,1,7,1,7,big,narrow,16,is,is,15,15,it,it,the _,the _
0-3IVEC1GSLPXDQ0P51LPSEH6JRUC1JO,Megan is a criminal defense lawyer and Maria is a family lawyer. _ is less knowledgeable about custody laws.,Megan is a criminal defense lawyer and Maria is a family lawyer. _ is more knowledgeable about custody laws.,_,_,12,12,Megan,Maria,0,7,0,7,less,more,14,is,is,13,13,She,She,_,_
0-3TD33TP5DNGIWU30TAH4JS4ICFQBAK,James could not get his new bracelet onto his wrist because the _ is too small.,James could not get his new bracelet onto his wrist because the _ is too big.,_,_,12,12,bracelet,wrist,6,9,6,9,small,big,15,is,is,13,13,it,it,the _,the _
0-3SX4X51T82N2FOS9XFMQPC4GI0ZOAW,The card got scratched when it was continuously dragged over the table because the _ is smooth.,The card got scratched when it was continuously dragged over the table because the _ is rough.,_,_,14,14,card,table,1,11,1,11,smooth,rough,16,is,is,15,15,it,it,the _,the _
0-3UYRNV2KIVD6EFZIZ22ZEWYH35P8N1,The mouse got stuck in a hole while running with a wood branch in its mouth. The _ is small.,The mouse got stuck in a hole while running with a wood branch in its mouth. The _ is wide.,_,_,17,17,hole,wood branch,6,11,6,11,small,wide,19,is,is,18,18,It,It,The _,The _
0-3FULMHZ7OWBZDWRGBYXMK5TCX4RM43,The flag was not blowing in the wind when it was raised on the pole. The _ was heavy.,The flag was not blowing in the wind when it was raised on the pole. The _ was light.,_,_,16,16,flag,wind,1,7,1,7,heavy,light,18,was,was,17,17,It,It,The _,The _
0-3538U0YQ1H88PQGVPXOQFAHXM8K3F3,It took the water so much time to boil while placed on the flame because the _ was much.,It took the water so much time to boil while placed on the flame because the _ was low.,_,_,16,16,water,flame,3,13,3,13,much,low,18,was,was,17,17,it,it,the _,the _
0-3E24UO25QZOMYXHZN4TEH9EMTJQO6F,Betty ends up with a lot more knots in her hair than Mary because _ has long hair.,Betty ends up with a lot more knots in her hair than Mary because _ has short hair.,_,_,14,14,Betty,Mary,0,12,0,12,long,short,16,has,has,15,15,she,she,_,_
0-3Y7LTZE0YTKJZCL7LV2YDDZ6G77ZUM,"Popsicles come in many flavors, but Kenneth only likes cherry and Ian likes them all because _ is very picky.","Popsicles come in many flavors, but Kenneth only likes cherry and Ian likes them all because _ is not picky.",_,_,16,16,Kenneth,Ian,6,11,6,11,very,not,18,is,is,17,17,he,he,_,_
0-3WGCNLZJKHMFH3OKBNFH3HZFC7A1DA,The wheel of the cart had gone through the space but the handle was stuck. The _ is smaller.,The wheel of the cart had gone through the space but the handle was stuck. The _ is wider.,_,_,16,16,wheel,handle,1,12,1,12,smaller,wider,18,is,is,17,17,It,It,The _,The _
0-3MD8CKRQZ11GDUNTJDG7C6C5KD7RJR,James took off his jacket on getting home and took a shower with water because he was sweating. The _ was hot.,James took off his jacket on getting home and took a shower with water because he was sweating. The _ was cold.,_,_,19,19,jacket,water,4,13,4,13,hot,cold,21,was,was,20,20,It,It,The _,The _
0-3JMNNNO3B3ILFU67BMKL0OY5AWMW2S,James realized the bag cannot contain the bottles so he decided to put twenty jars in it. The _ are big.,James realized the bag cannot contain the bottles so he decided to put twenty jars in it. The _ are small.,_,_,18,18,bottles,jars,7,14,7,14,big,small,20,are,are,19,19,They,They,The _,The _
0-3JU8CV4BRNQ92SYBMY4NF7TBHVCPO8,The flag can hardly blow when raised up in the wind because the _ is heavy.,The flag can hardly blow when raised up in the wind because the _ is light.,_,_,13,13,flag,wind,1,10,1,10,heavy,light,15,is,is,14,14,it,it,the _,the _
0-3ACRLU860PSLM7KC9FJQFBU9XJ9BEE,The cat could not climb up through the wall so it used the pillar because the _ was smooth.,The cat could not climb up through the wall so it used the pillar because the _ was rough.,_,_,16,16,wall,pillar,8,13,8,13,smooth,rough,18,was,was,17,17,it,it,the _,the _
0-33Q5P9PUSPKNDI47Z4HYJ7D0940CZJ,"Derrick thought the letter Logan wrote was way too formal, because _ happens to prefer using a casual style.","Derrick thought the letter Logan wrote was way too formal, because _ happens to prefer using a professional style.",_,_,11,11,Derrick,Logan,0,4,0,4,casual,professional,17,happens,happens,12,12,he,he,_,_
0-3VMHWJRYHXUK5ON99MVEMQ61SYRXFS,Mary's bag protected the cloth when she walked in the mud. The _ is dirty.,Mary's bag protected the cloth when she walked in the mud. The _ is clean.,_,_,12,12,bag,cloth,1,4,1,4,dirty,clean,14,is,is,13,13,It,It,The _,The _
0-3JVP4ZJHDR6WIPJO7ICSG9WHXE1I0Z,The cat can only jump from the floor to the table and not to the top of the shelf because the _ is short.,The cat can only jump from the floor to the table and not to the top of the shelf because the _ is tall.,_,_,21,21,table,shelf,10,18,10,18,short,tall,23,is,is,22,22,it,it,the _,the _
0-31SIZS5W5BTXZHR6E30G97ORZO8QRN,The cup got full when James was just emptying the bottle he bought from the store. The _ is small.,The cup got full when James was just emptying the bottle he bought from the store. The _ is large.,_,_,17,17,cup,bottle,1,10,1,10,small,large,19,is,is,18,18,It,It,The _,The _
0-3K3G488TR4M8UUT8HWND66JV65WQ5J,James coated the top of the table with a varnish and left the chair the way it was. Now the _ is shiny.,James coated the top of the table with a varnish and left the chair the way it was. Now the _ is dull.,_,_,20,20,table,chair,6,13,6,13,shiny,dull,22,is,is,21,21,it,it,the _,the _
0-307FVKVSYTTGSTKT7SVX1NWM1JA47V,James realized he could eat more of the apple unlike the banana because the _ is small.,James realized he could eat more of the apple unlike the banana because the _ is large.,_,_,14,14,apple,banana,8,11,8,11,small,large,16,is,is,15,15,it,it,the _,the _
0-3PZDSVZ3J7V5VECGNZCMXKIC1WYN44,The fountain pen cannot write smoothly on the paper because the _ is too sharp.,The fountain pen cannot write smoothly on the paper because the _ is too rough.,_,_,11,11,pen,paper,2,8,2,8,sharp,rough,14,is,is,12,12,it,it,the _,the _
0-3VP28W7DUPY9AJNOA4JZJBMBZKEZFL,The remaining ball of thread could crochet more sweater for the kids because the _ was big.,The remaining ball of thread could crochet more sweater for the kids because the _ was small.,_,_,14,14,ball,sweater,2,8,2,8,big,small,16,was,was,15,15,it,it,the _,the _
0-3XH7ZM9YX48R7IAKX1PUNCY2PKOR9E,John had to return the chair he bought for his new office as it could not get into it because the _ is big.,John had to return the chair he bought for his new office as it could not get into it because the _ is small.,_,_,21,21,chair,office,5,11,5,11,big,small,23,is,is,22,22,it,it,the _,the _
0-3H1C3QRA01HP2NDB3H3LYXCIL0XECP,"At work, Mary takes care of hamsters, but Monica doesn't; _ works in a pet store.","At work, Mary takes care of hamsters, but Monica doesn't; _ works in a grocery store.",_,_,10,10,Mary,Monica,2,8,2,8,pet,grocery,14,works,works,11,11,she,she,_,_
0-386T3MLZLP93TJ7BYW013K24VNU80S,Jane had the ring slide down her finger too easily because the _ is too big.,Jane had the ring slide down her finger too easily because the _ is too small.,_,_,12,12,ring,finger,3,7,3,7,big,small,15,is,is,13,13,it,it,the _,the _
0-3R6RZGK0XFAJ7102UZAKVSSNT34VYF,All the routine tasks at work bore Donald but Ryan is fine with them; _ happens to prefer variety in work.,All the routine tasks at work bore Donald but Ryan is fine with them; _ happens to prefer consistency in work.,_,_,14,14,Donald,Ryan,7,9,7,9,variety,consistency,18,happens,happens,15,15,he,he,_,_
0-3G3AJKPCXN6Z7DGUU1LXE0GI4AT4YN,Eric asked Ian if he could pass him in line at the checkout at a supermarket because _ has far fewer items.,Eric asked Ian if he could pass him in line at the checkout at a supermarket because _ has far more items.,_,_,17,17,Eric,Ian,0,2,0,2,fewer,more,20,has,has,18,18,he,he,_,_
0-38XPGNCKHVEI3JLPPQYD71COMD44VV,"Nick gets jock itch a lot, while Jason has never even worn a jock strap. _ is athletic.","Nick gets jock itch a lot, while Jason has never even worn a jock strap. _ is artistic.",_,_,15,15,Nick,Jason,0,7,0,7,athletic,artistic,17,is,is,16,16,He,He,_,_
0-3HA5ODM5KC6154N0FRUV54SV12XVS4,The dog could not see that the pole is behind the fence because the _ is shorter.,The dog could not see that the pole is behind the fence because the _ is taller.,_,_,14,14,pole,fence,7,11,7,11,shorter,taller,16,is,is,15,15,it,it,the _,the _
0-3PKJ68EHDPA3O09QN84DY2AZYFIJHI,The snow storm in England is less severe than the rain because the _ happens seldom.,The snow storm in England is less severe than the rain because the _ happens always.,_,_,13,13,snow storm,rain,1,10,1,10,seldom,always,15,happens,happens,14,14,it,it,the _,the _
0-3ZURAPD28A1CFN2G2TA7RH2ZMZ61FR,"Summers are easy for Kayla because she doesn't work, while Laura has to work; _ is a schoolteacher.","Summers are easy for Kayla because she doesn't work, while Laura has to work; _ is a lifeguard.",_,_,14,14,Kayla,Laura,4,10,4,10,schoolteacher,lifeguard,17,is,is,15,15,she,she,_,_
0-3TZ0XG8CBUI6VOWHEU7U4XFO4CW984,"At the house, Dennis would leave the sprinkler on unlike Neil because _ is forgetful.","At the house, Dennis would leave the sprinkler on unlike Neil because _ is more reliable.",_,_,12,12,Dennis,Neil,3,10,3,10,forgetful,more reliable,14,is,is,13,13,he,he,_,_
0-3WGZLY9VCJ0XS385A8OWIRMNP1N8DJ,"If you wonder whether to use ink or a pencil to do your homework, the _ is harder to fix later.","If you wonder whether to use ink or a pencil to do your homework, the _ is easier to fix later.",_,_,15,15,ink,pencil,6,9,6,9,harder,easier,17,is,is,16,16,it,it,the _,the _
0-3XJOUITW8W5AFW4YIS5B9MP9M8ITQD,"James handed a box of items for his friend to carry but feeling lazy, his friend had his eyes on the bag because the _ is bigger.","James handed a box of items for his friend to carry but feeling lazy, his friend had his eyes on the bag because the _ is smaller.",_,_,24,24,box,bag,3,21,3,21,bigger,smaller,26,is,is,25,25,it,it,the _,the _
0-39AYGO6AFHYJA1GU6N51UI2PWGI6N5,James regretted eating the unripe mango and later decided to eat the apple instead because he found out the _ was sour.,James regretted eating the unripe mango and later decided to eat the apple instead because he found out the _ was sweet.,_,_,19,19,mango,apple,5,12,5,12,sour,sweet,21,was,was,20,20,it,it,the _,the _
0-3O71U79SRBN3LSUKH1H4QAL9LPYSMJ,"You can use both flour and cornstarch to thicken soups, but the _ is a more common kitchen ingredient.","You can use both flour and cornstarch to thicken soups, but the _ is a less common kitchen ingredient.",_,_,12,12,flour,cornstarch,4,6,4,6,more,less,15,is,is,13,13,it,it,the _,the _
0-3L1EFR8WWT3FA364M8D0EPWAWYBF9Y,Christine kept badgering Monica to get her affection and attention because _ is the daughter.,Christine kept badgering Monica to get her affection and attention because _ is the mother.,_,_,11,11,Christine,Monica,0,3,0,3,daughter,mother,14,is,is,12,12,she,she,_,_
0-33BFF6QPI3PA0C2QFMYQJY3WFM9W3B,Amy's skirt is much shorter than the one that Victoria is wearing; _ wants more attention.,Amy's skirt is much shorter than the one that Victoria is wearing; _ wants less attention.,_,_,12,12,Amy,Victoria,0,9,0,9,more,less,14,wants,wants,13,13,she,she,_,_
0-3LB1BGHFL4AJOYVK92M5M8SBMJCYT3,Michael convinced Randy that his priceless glass vase was a knockoff because _ is deceitful.,Michael convinced Randy that his priceless glass vase was a knockoff because _ is exploitable.,_,_,12,12,Michael,Randy,0,2,0,2,deceitful,exploitable,14,is,is,13,13,he,he,_,_
0-34F34TZU7YDZ9A684N16BY4X8TA2JM,"Tanya really does not see many humans, just Laura; _ is a hermit.","Tanya really does not see many humans, just Laura; _ is more social.",_,_,9,9,Tanya,Laura,0,8,0,8,a hermit,more social,11,is,is,10,10,she,she,_,_
0-3JMNNNO3B126L570RO8L8QAWLUE2WC,I chose the milk chocolate bar over the dark chocolate chip for my reward because the _ was bigger.,I chose the milk chocolate bar over the dark chocolate chip for my reward because the _ was smaller.,_,_,16,16,bar,chip,5,10,5,10,bigger,smaller,18,was,was,17,17,it,it,the _,the _
0-3CRWSLD91MI3HP1YUICVY3ZHDZ4MOX,The alarm sounding in the other room got the birds quacking but James can only hear the quack because the _ is farther.,The alarm sounding in the other room got the birds quacking but James can only hear the quack because the _ is closer.,_,_,20,20,alarm,quack,1,17,1,17,farther,closer,22,is,is,21,21,it,it,the _,the _
0-3LEG2HW4UH1J48KCLXALW0C4EKU2FD,James put the egg in the refrigerator and the meat in the sun. Now the _ is cold.,James put the egg in the refrigerator and the meat in the sun. Now the _ is hot.,_,_,15,15,egg,meat,3,9,3,9,cold,hot,17,is,is,16,16,it,it,the _,the _
0-3YKP7CX6G2DLJ36V29TKH3EJM8W7BT,My trainer advised that both freelance job and salaried employment are great but the _ is less secure.,My trainer advised that both freelance job and salaried employment are great but the _ is more secure.,_,_,14,14,freelance job,salaried employment,5,8,5,8,less,more,16,is,is,15,15,it,it,the _,the _
0-3X52SWXE0ZJYDCY98F9RC17RM8DWCL,It took the food ten additional minutes to cook over the flame because the _ was too big.,It took the food ten additional minutes to cook over the flame because the _ was too weak.,_,_,14,14,food,flame,3,11,3,11,big,weak,17,was,was,15,15,it,it,the _,the _
0-3RWO3EJELJNO60RAGW6C3BG4PP01P8,James threw the ball into the basket but it could not enter it. The _ is very big.,James threw the ball into the basket but it could not enter it. The _ is very small.,_,_,14,14,ball,basket,3,6,3,6,big,small,17,is,is,15,15,It,It,The _,The _
0-3ZQA3IO31D56L0F91WTXEBBDE6T1OL,The cotton bud could not get into the ear of the hamster because the _ is large.,The cotton bud could not get into the ear of the hamster because the _ is narrow.,_,_,14,14,bud,ear,2,8,2,8,large,narrow,16,is,is,15,15,it,it,the _,the _
0-3NCN4N1H1IVPGDXP2EM95YOICS8BN0,Kyle handed the letter to Randy for help because _ is illiterate.,Kyle handed the letter to Randy for help because _ is able to read.,_,_,9,9,Kyle,Randy,0,5,0,5,illiterate,able to read,11,is,is,10,10,he,he,_,_
0-3N2YPY1GI8C0VLIIEWAQGNOFZH8EVF,"The dog treat outweighed the drink, hence James decided to add more drink because the _ is heavier.","The dog treat outweighed the drink, hence James decided to add more drink because the _ is lighter.",_,_,15,15,treat,drink,2,5,2,5,heavier,lighter,17,is,is,16,16,it,it,the _,the _
0-36GJS3V78X4PO4EF32MVD2YXHV5GJ8,"Emily can only do 10 push ups, while Laura can do 50, so _ is weaker.","Emily can only do 10 push ups, while Laura can do 50, so _ is stronger.",_,_,13,13,Emily,Laura,0,8,0,8,weaker,stronger,15,is,is,14,14,she,she,_,_
0-38LRF35D5NAX88DLKMJP1AIZUGPU3L,"Josh had to clean sand off his feet but not his hands after going to the beach because, in general, the _ touch the sand more often.","Josh had to clean sand off his feet but not his hands after going to the beach because, in general, the _ touch the sand less often.",_,_,21,21,feet,hands,7,11,7,11,more,less,25,touch,touch,22,22,they,they,the _,the _
0-3WPCIUYH1CMGQN0TD6ZR9NIA3C5TDM,The child was not happy with the shoe that slipped off his leg when he was running. The _ is big.,The child was not happy with the shoe that slipped off his leg when he was running. The _ is small.,_,_,18,18,shoe,leg,7,12,7,12,big,small,20,is,is,19,19,It,It,The _,The _
0-329E6HTMSYGJ5C89Q8FNVN91SR43KE,"Dennis has to dig more deeply than Jeffrey to get water, because _ lives far from a water source.","Dennis has to dig more deeply than Jeffrey to get water, because _ lives close to a water source.",_,_,12,12,Dennis,Jeffrey,0,7,0,7,far from,close to,14,lives,lives,13,13,he,he,_,_
0-3HA5ODM5KAQMBFOTVTIVD64M7ZGSVZ,Making food in the slow cooker suited Tanya but not Felicia because _ works longer hours.,Making food in the slow cooker suited Tanya but not Felicia because _ works shorter hours.,_,_,12,12,Tanya,Felicia,7,10,7,10,longer,shorter,14,works,works,13,13,she,she,_,_
0-3VMV5CHJZATJ27AKFW0ZF8L7GL9GT5,I can't concentrate in silence so I'd rather go to the cafe instead of the library to study since the _ is not quiet.,I can't concentrate in silence so I'd rather go to the cafe instead of the library to study since the _ is too quiet.,_,_,20,20,cafe,library,11,15,11,15,not,too,22,is,is,21,21,it,it,the _,the _
0-31KPKEKW4AB71S6BHA8B2O4WEWHB0S,The old capacitor would not fit in the box because the _ is too awkward.,The old capacitor would not fit in the box because the _ is too straight.,_,_,11,11,capacitor,box,2,8,2,8,awkward,straight,14,is,is,12,12,it,it,the _,the _
0-3EGKVCRQFY6JSC139GVKMEMPFVDYBF,James finished watching the movie while on a journey to his hometown. The _ was short.,James finished watching the movie while on a journey to his hometown. The _ was long.,_,_,13,13,movie,journey,4,8,4,8,short,long,15,was,was,14,14,It,It,The _,The _
0-3DWNFENNE599COLV81KU4D1VTAWJ4W,John had to buy another ring as it would not fit the finger of his fiancee. The _ is small.,John had to buy another ring as it would not fit the finger of his fiancee. The _ is big.,_,_,17,17,ring,finger,5,12,5,12,small,big,19,is,is,18,18,It,It,The _,The _
0-322ZSN9Z5IY3QRH0KVYY6JO3P6N4T6,Randy runs a trash removal service and he met Kyle at the job site; _ is the business owner.,Randy runs a trash removal service and he met Kyle at the job site; _ is the property owner.,_,_,14,14,Randy,Kyle,0,9,0,9,business owner,property owner,17,is,is,15,15,he,he,_,_
0-3XWUWJ18TN4H72Q4Z6FQOJ8Z7YSUUM,The milk gets colder when mixed with the ice cube in the cup because the _ is hot.,The milk gets colder when mixed with the ice cube in the cup because the _ is cold.,_,_,15,15,milk,ice cube,1,8,1,8,hot,cold,17,is,is,16,16,it,it,the _,the _
0-3Q9SPIIRWL0AKX1BO1D066H3MG8WAL,James was panting more heavily when he jogged on the street compared to when he jogged on the lawn because the _ is longer.,James was panting more heavily when he jogged on the street compared to when he jogged on the lawn because the _ is shorter.,_,_,21,21,street,lawn,10,18,10,18,longer,shorter,23,is,is,22,22,it,it,the _,the _
0-3LOJFQ4BOXD2TFBZZZ9ZGY75VBGKDN,Nancy preferred to eat popcorn rather than candy at the movies because the _ is saltier.,Nancy preferred to eat popcorn rather than candy at the movies because the _ is sweeter.,_,_,13,13,popcorn,candy,4,7,4,7,saltier,sweeter,15,is,is,14,14,it,it,the _,the _
0-3W1K7D6QSDVJX2B852X30LVQKMMZB3,Janet was able to prevent her pad from leaking her period because the _ was big.,Janet was able to prevent her pad from leaking her period because the _ was low.,_,_,13,13,pad,period,6,10,6,10,big,low,15,was,was,14,14,it,it,the _,the _
0-3OJX0UFJ01LJNA211VKZSNLMV7ZU93,John emptied the water from the bottle into the cup but we still have some left in the bottle. The _ is big.,John emptied the water from the bottle into the cup but we still have some left in the bottle. The _ is small.,_,_,20,20,bottle,cup,6,9,6,9,big,small,22,is,is,21,21,It,It,The _,The _
0-3VEI3XUCZTBCZ5QREQLR92YGSDDRPQ,James could see the other side of the room through the plate unlike the board that was there before. Definitely the _ is transparent.,James could see the other side of the room through the plate unlike the board that was there before. Definitely the _ is opaque.,_,_,21,21,plate,board,11,14,11,14,transparent,opaque,23,is,is,22,22,it,it,the _,the _
0-3CRWSLD91MI3HP1YUICVY3ZHE1HOMH,Leslie was able to jump to the top of the wall while leaving Brian behind because _ is tall.,Leslie was able to jump to the top of the wall while leaving Brian behind because _ is short.,_,_,16,16,Leslie,Brian,0,13,0,13,tall,short,18,is,is,17,17,he,he,_,_
0-3W9XHF7WGKT9A47WLP9EL2PRYZWKT2,I cannot forgive the hurt he made me feel as much as I love him because the _ is too strong.,I cannot forgive the hurt he made me feel as much as I love him because the _ is too weak.,_,_,17,17,hurt,love,4,13,4,13,strong,weak,20,is,is,18,18,it,it,the _,the _
0-3FDWKV9VCPGYUULVQ4O4X9R6WN5MUS,"Jeffrey has to take the medication for his diabetes, but Joel doesn't have that problem; _ is likely to eat too much sugar.","Jeffrey has to take the medication for his diabetes, but Joel doesn't have that problem; _ is likely to eat barely any sugar.",_,_,15,15,Jeffrey,Joel,0,10,0,10,too much,barely any,20,is,is,16,16,he,he,_,_
0-33CLA8O0MKP08S1X0NPMX8KDSL8FRP,The toilet is worse than my wife's closet because the _ is a small space.,The toilet is worse than my wife's closet because the _ is a huge space.,_,_,10,10,toilet,closet,1,7,1,7,small,huge,13,is,is,11,11,it,it,the _,the _
0-3UQVX1UPFSFDDF6FYHF01V1SF7V02Z,"Gmail is so yesterday, Samantha thought, as Jennifer talked about it; _ is on top of new trends.","Gmail is so yesterday, Samantha thought, as Jennifer talked about it; _ is not aware of new trends.",_,_,11,11,Samantha,Jennifer,4,7,4,7,on top of,not aware of,13,is,is,12,12,she,she,_,_
0-3ABAOCJ4RAI621EE9V4ZN8UHTXTQMB,We cannot see the letters written on the red shirt but we can see the numbers because the _ are red.,We cannot see the letters written on the red shirt but we can see the numbers because the _ are white.,_,_,18,18,letters,numbers,4,15,4,15,red,white,20,are,are,19,19,they,they,the _,the _
0-39O0SQZVJPLNTZMRI4RA9G7WTXTR70,The water did not get to the bottom of the bowl after James poured water on the soil in it. Just the _ is dry.,The water did not get to the bottom of the bowl after James poured water on the soil in it. Just the _ is wet.,_,_,22,22,bowl,soil,10,17,10,17,dry,wet,24,is,is,23,23,it,it,the _,the _
0-38VTL6WC4CRH3WKU8647JSMX5A7Y5G,"Although broccoli and steak can both be part of a healthy diet, the _ has more antioxidants.","Although broccoli and steak can both be part of a healthy diet, the _ has fewer antioxidants.",_,_,13,13,broccoli,steak,1,3,1,3,more,fewer,15,has,has,14,14,it,it,the _,the _
0-338GLSUI45PC971AFCPRNIP9D67SF7,I selected the hammer instead of the mallet as my tool choice since the _ is lighter and I'm out of shape.,I selected the hammer instead of the mallet as my tool choice since the _ is heavier and I'm out of shape.,_,_,14,14,hammer,mallet,3,7,3,7,lighter,heavier,16,is,is,15,15,it,it,the _,the _
0-33QQ60S6AUW1RGEO1Z16ZCKTSEM0U0,The trumpet had to be blown into the mic to be as audible as the drum because the _ was softer.,The trumpet had to be blown into the mic to be as audible as the drum because the _ was louder.,_,_,18,18,trumpet,drum,1,15,1,15,softer,louder,20,was,was,19,19,it,it,the _,the _
0-329E6HTMSW04BN926A3N3PLTZJHK3G,Playing Scrabble is fun for Hunter but not Joel because _ knows a lot of difficult words.,Playing Scrabble is fun for Hunter but not Joel because _ knows a lot of simple words.,_,_,10,10,Hunter,Joel,5,8,5,8,difficult,simple,15,knows,knows,11,11,he,he,_,_
0-3SNR5F7R947V9FYIFPB71YYMSK9EIS,James was writing a poem on his jotter when the ink finished. The _ is long.,James was writing a poem on his jotter when the ink finished. The _ is low.,_,_,13,13,poem,ink,4,10,4,10,long,low,15,is,is,14,14,It,It,The _,The _
0-3K8CQCU3KGFH4GV0X5I5SC12KIANWM,The avocado smeared over the tree when James threw it at the tree. The _ was pretty soft.,The avocado smeared over the tree when James threw it at the tree. The _ was pretty hard.,_,_,14,14,avocado,tree,1,5,1,5,soft,hard,17,was,was,15,15,It,It,The _,The _
0-3BPP3MA3TEYXZG6O0S8KTEQE9O3EL6,"The plane took off without any problems with the engine, but now it gets to altitude, and the _ has started to shake violently.","The plane took off without any problems with the engine, but now it gets to altitude, and the _ has started to sputter.",_,_,18,18,plane,engine,1,9,1,9,shake violently,sputter,22,has,has,19,19,it,it,the _,the _
0-3QGTX7BCHRGH8MUZ4S6QXZVZB8HZ5M,"He prefers to take a cold shower over a hot bath in the morning, because the _ makes him feel awake.","He prefers to take a cold shower over a hot bath in the morning, because the _ makes him feel sleepy.",_,_,16,16,cold shower,hot bath,5,9,5,9,awake,sleepy,20,makes,makes,17,17,it,it,the _,the _
0-3D3B8GE89456V5U5K9L5IHYNN3DP9Y,The hospital in the city is better equipped but not as friendly as the office in the small town because the _ is more likely to hire people that are less familiar.,The hospital in the city is better equipped but not as friendly as the office in the small town because the _ is more likely to hire people that are more familiar.,_,_,21,21,hospital,office,1,14,1,14,less,more,30,is,is,22,22,it,it,the _,the _
0-3X2LT8FDHYWW198WR3TMAFB8XX28WY,Jane realized the pin did not go through the jean because the _ was weak.,Jane realized the pin did not go through the jean because the _ was strong.,_,_,12,12,pin,jean,3,9,3,9,weak,strong,14,was,was,13,13,it,it,the _,the _
0-3BJKPTD2QCAVX8KRB9IBMEB5TRYTRC,"I used vinegar for a stain on the carpet today, but now my room smells terrible since the _ is too strong.","I used vinegar for a stain on the carpet today, but now my room smells terrible since the _ is too thin.",_,_,18,18,vinegar,carpet,2,8,2,8,strong,thin,21,is,is,19,19,it,it,the _,the _
0-3OREP8RUT294CWHWVCXENGRCLFYBGR,Logan was so sore after the long hike but Derrick felt just fine; _ is idle most of the time.,Logan was so sore after the long hike but Derrick felt just fine; _ is active most of the time.,_,_,13,13,Logan,Derrick,0,9,0,9,idle,active,15,is,is,14,14,he,he,_,_
0-3ROUCZ907H8RHSMA7YR8Q7OM9WQOOG,"The pen could easily be hidden in between the crack of the box. Yes, the _ is that small.","The pen could easily be hidden in between the crack of the box. Yes, the _ is that wide.",_,_,15,15,pen,crack,1,9,1,9,small,wide,18,is,is,16,16,it,it,the _,the _
0-3Z8UJEJOC1RZOGPIMBOY5EVLHVF393,James can clearly see the bottom of the swimming pool which is unlike his water tank beside it. The _ is clean.,James can clearly see the bottom of the swimming pool which is unlike his water tank beside it. The _ is dirty.,_,_,19,19,pool,tank,9,15,9,15,clean,dirty,21,is,is,20,20,It,It,The _,The _
0-32TMVRKDGPCKS7PCHXN3FNSHCWC844,"The jewelry Kayla wore made quite an impression on Rachel because, usually, _ is less stylish.","The jewelry Kayla wore made quite an impression on Rachel because, usually, _ is more stylish.",_,_,12,12,Kayla,Rachel,2,9,2,9,less,more,14,is,is,13,13,she,she,_,_
0-3M7OI89LVYMLP8KWXZKNM9K59J7C63,He thinks the sculpture he bought is so much better as art than the painting I bought just because the _ was expensive.,He thinks the sculpture he bought is so much better as art than the painting I bought just because the _ was cheap.,_,_,20,20,sculpture,painting,3,14,3,14,expensive,cheap,22,was,was,21,21,it,it,the _,the _
0-36U4VBVNQQRPRAYNVCKLJ8LF0ZOURI,Callie went on a liquid diet through a tube but was in pain because the _ is restrictive.,Callie went on a liquid diet through a tube but was in pain because the _ is painful.,_,_,15,15,diet,tube,5,8,5,8,restrictive,painful,17,is,is,16,16,it,it,the _,the _
0-3NI0WFPPIBUGP5ON5H33J66DQTH60K,The boat started to sink when James added more luggage into it. The _ was light.,The boat started to sink when James added more luggage into it. The _ was heavy.,_,_,13,13,boat,luggage,1,9,1,9,light,heavy,15,was,was,14,14,It,It,The _,The _
0-3L7SUC0TTW8IE89FSXAK823YENM0MY,Jim's bag was roughed after washing it with a brush because the _ was too weak.,Jim's bag was roughed after washing it with a brush because the _ was too hard.,_,_,12,12,bag,brush,1,9,1,9,weak,hard,15,was,was,13,13,it,it,the _,the _
0-39N6W9XWRDL0P4A754BYVRPD17SYG2,Fishing is a hobby that suits Sarah more than Lindsey because _ is a meat-eater.,Fishing is a hobby that suits Sarah more than Lindsey because _ is an animal rights activist.,_,_,11,11,Sarah,Lindsey,6,9,6,9,a meat-eater,an animal rights activist,13,is,is,12,12,she,she,_,_
0-3CZH926SIES118Z3U0937XO2MSRE49,James needed a bigger box to collect the silver coin he exchanged for the gold bar because the _ was bigger.,James needed a bigger box to collect the silver coin he exchanged for the gold bar because the _ was smaller.,_,_,18,18,silver coin,gold bar,8,14,8,14,bigger,smaller,20,was,was,19,19,it,it,the _,the _
0-3FDWKV9VCN0J05MO66C45B3X13PUM0,The hard mattress on the bed was comfortable for Randy but not Michael because _ happens to prefer firm support.,The hard mattress on the bed was comfortable for Randy but not Michael because _ happens to prefer soft support.,_,_,14,14,Randy,Michael,9,12,9,12,firm,soft,18,happens,happens,15,15,he,he,_,_
0-33BFF6QPI3PA0C2QFMYQJY3XGAMW33,James cannot put his signature in between the box provided because the _ is big.,James cannot put his signature in between the box provided because the _ is narrow.,_,_,12,12,signature,box,4,8,4,8,big,narrow,14,is,is,13,13,it,it,the _,the _
0-341H3G5YF2SIDF8Y7M0EG4Z7TSGZ0S,Natalie was hired to install a new wall for Monica because _ is the employee.,Natalie was hired to install a new wall for Monica because _ is the employer.,_,_,11,11,Natalie,Monica,0,9,0,9,employee,employer,14,is,is,12,12,she,she,_,_
0-3OPLMF3EU5LMZXKU9TZ3R3WETYMLN5,Rebecca wears her hair in a ponytail but Victoria does not because _ has long hair.,Rebecca wears her hair in a ponytail but Victoria does not because _ has short hair.,_,_,12,12,Rebecca,Victoria,0,8,0,8,long,short,14,has,has,13,13,she,she,_,_
0-3W5PY7V3URLPAVZFX881K251M7JJYT,Erin has to watch everything that she eats unlike Cynthia because _ is soon expecting a baby.,Erin has to watch everything that she eats unlike Cynthia because _ is not expecting a baby.,_,_,11,11,Erin,Cynthia,0,9,0,9,soon,not,13,is,is,12,12,she,she,_,_
0-31HLTCK4BN9YFZE9KR0EGQ9SE8IGVJ,"Jessica injured her foot and Samantha injured her arm, so _ walks with a limp.","Jessica injured her foot and Samantha injured her arm, so _ walks with perfect balance.",_,_,10,10,Jessica,Samantha,0,5,0,5,a limp,perfect balance,13,walks,walks,11,11,she,she,_,_
0-3OB6JN3A9QNRKDU72CHZ00GDZM7RMK,Elena told Katrina to cut the circuits to the bomb before it explodes because _ was occupied by fighting.,Elena told Katrina to cut the circuits to the bomb before it explodes because _ was closer to it.,_,_,14,14,Elena,Katrina,0,2,0,2,occupied by fighting,closer to it,16,was,was,15,15,she,she,_,_
0-301KG0KX9EZ3I4BIGNYLZLOHUUO2HI,The bottle spent the whole day to get cold in the refrigerator because the _ is big.,The bottle spent the whole day to get cold in the refrigerator because the _ is small.,_,_,14,14,bottle,refrigerator,1,11,1,11,big,small,16,is,is,15,15,it,it,the _,the _
0-3OPLMF3EU5LMZXKU9TZ3R3WET0XLNK,Victoria likes to keep their front door locked shut but Lindsey does not because _ lives in a dangerous neighbourhood.,Victoria likes to keep their front door locked shut but Lindsey does not because _ lives in a safe neighbourhood.,_,_,14,14,Victoria,Lindsey,0,10,0,10,dangerous,safe,18,lives,lives,15,15,she,she,_,_
0-3THR0FZ95PR4HIK6A8ZG6SWJJDILOL,Craig has to read a lot more contracts than Christopher because _ works at a law firm.,Craig has to read a lot more contracts than Christopher because _ works at a sports gym.,_,_,11,11,Craig,Christopher,0,9,0,9,law firm,sports gym,15,works,works,12,12,he,he,_,_
0-3MDWE879UH0PXMUOH6R4VZ5PHZQ9BF,I like using a sea salt cube instead of a table salt shaker as the _ has chunkier crystals.,I like using a sea salt cube instead of a table salt shaker as the _ has finer crystals.,_,_,15,15,sea salt cube,table salt shaker,4,10,4,10,chunkier,finer,17,has,has,16,16,it,it,the _,the _
0-37AQKJ12TZ2N7CWQZWZ6ER0V51VTTA,Lindsey's breath blew the dust off the wall and it got into Brian's eye. The _ is strong.,Lindsey's breath blew the dust off the wall and it got into Brian's eye. The _ is light.,_,_,15,15,breath,dust,1,4,1,4,strong,light,17,is,is,16,16,It,It,The _,The _
0-39TX062QX1MAVN895TICTJTVVVW3XU,Leslie loves cooking and eating jackfruit tacos more than Kenneth because _ is a very committed vegetarian.,Leslie loves cooking and eating jackfruit tacos more than Kenneth because _ is carnivorous.,_,_,11,11,Leslie,Kenneth,0,9,0,9,a very committed vegetarian,carnivorous,13,is,is,12,12,he,he,_,_
0-39TX062QX32PPC7GPRUCLHH4PV53XI,The red candle burnt very fast under the flame because the _ was very short.,The red candle burnt very fast under the flame because the _ was very high.,_,_,11,11,candle,flame,2,8,2,8,short,high,14,was,was,12,12,it,it,the _,the _
0-3WRAAIUSBLDP9X61Y69M8PVAWI7AXM,James was able to get more slices from the cakes than expected. The _ were small.,James was able to get more slices from the cakes than expected. The _ were big.,_,_,13,13,slices,cakes,6,9,6,9,small,big,15,were,were,14,14,They,They,The _,The _
0-36D1BWBEHPFPAICT7KEYRQWEDQVM27,The bike got broken when James rode it with a load on it. The _ was light.,The bike got broken when James rode it with a load on it. The _ was heavy.,_,_,14,14,bike,load,1,10,1,10,light,heavy,16,was,was,15,15,It,It,The _,The _
0-3ZXNP4Z39RJXWCS7TMIEV6AOTK1L7G,Katrina uses a cleansing product every day to make her skin clean but Sarah does not; _ is hygienic.,Katrina uses a cleansing product every day to make her skin clean but Sarah does not; _ is scruffy.,_,_,16,16,Katrina,Sarah,0,13,0,13,hygienic,scruffy,18,is,is,17,17,she,she,_,_
0-3PA41K45VN2NNX75LEBLCNJ8YW87PA,"Ryan has many tattoos on his body, while Aaron has none because _ is a hipster.","Ryan has many tattoos on his body, while Aaron has none because _ is scared of needles.",_,_,12,12,Ryan,Aaron,0,8,0,8,a hipster,scared of needles,14,is,is,13,13,he,he,_,_
0-34OWYT6U3YVEEJ717EVL9KXB1RZ9IR,The dog was crying with the collar hurting its neck because the _ is small.,The dog was crying with the collar hurting its neck because the _ is big.,_,_,12,12,collar,neck,6,9,6,9,small,big,14,is,is,13,13,it,it,the _,the _
0-3IVKZBIBJ2NWN3SGA2DRQ31MT28SHR,My friend wants to see the new romance movie but I want to see the action movie because the _ has bad reviews.,My friend wants to see the new romance movie but I want to see the action movie because the _ has good reviews.,_,_,19,19,romance movie,action movie,7,15,7,15,bad,good,21,has,has,20,20,it,it,the _,the _
0-306996CF6WI78HRTDTCBGTN6E6TB1W,Amy bought a new storage bin from Monica at the hardware store because _ is a homeowner.,Amy bought a new storage bin from Monica at the hardware store because _ is a store owner.,_,_,13,13,Amy,Monica,0,7,0,7,homeowner,store owner,16,is,is,14,14,she,she,_,_
0-3T2EL38U0OYHWDDIN268YPAFZ00QXF,Jane knew she would need more banana to feed the children unlike the pineapple that would have been enough. The _ was small.,Jane knew she would need more banana to feed the children unlike the pineapple that would have been enough. The _ was big.,_,_,20,20,banana,pineapple,6,13,6,13,small,big,22,was,was,21,21,It,It,The _,The _
0-3DZKABX2ZKJLYNY4I54VQZOCEWHCVO,The pan does not get hot fast enough when placed over the flame because the _ is too high.,The pan does not get hot fast enough when placed over the flame because the _ is too low.,_,_,15,15,pan,flame,1,12,1,12,high,low,18,is,is,16,16,it,it,the _,the _
0-31SIZS5W59DI5SSZU5OGH90I48ERQI,"SEO is work that Natalie sometimes performs, but Patricia never has, so _ is likely better with technology.","SEO is work that Natalie sometimes performs, but Patricia never has, so _ is likely inferior with technology.",_,_,12,12,Natalie,Patricia,4,8,4,8,better,inferior,15,is,is,13,13,she,she,_,_
0-3K3IX1W4S6P56Z53SHN5MELY4M0APV,The rod is better than the pipe for fitting in tight spaces because the _ is thinner.,The rod is better than the pipe for fitting in tight spaces because the _ is thicker.,_,_,14,14,rod,pipe,1,6,1,6,thinner,thicker,16,is,is,15,15,it,it,the _,the _
0-3D5G8J4N5CI2K40F4RZLF9OG2CKVTH,"Kyle doesn't wear leg warmers to bed, while Logan almost always does; _ is in a much warmer climate.","Kyle doesn't wear leg warmers to bed, while Logan almost always does; _ is in a colder climate.",_,_,12,12,Kyle,Logan,0,8,0,8,much warmer,colder,16,is,is,13,13,he,he,_,_
0-3XU80RHWH1UJ962A5UXQYBCCAAG44T,The goal was to let Erin win and not Katrina so that _ learns to have confidence.,The goal was to let Erin win and not Katrina so that _ learns to be humble.,_,_,12,12,Erin,Katrina,5,9,5,9,have confidence,be humble,15,learns,learns,13,13,she,she,_,_
0-3RIHDBQ1NGCTP8FBQ5H5EU2F0FSHM7,"In his lifetime, Brian will likely suffer from carpal tunnel, but Michael will not, so _ is more likely to work in an office.","In his lifetime, Brian will likely suffer from carpal tunnel, but Michael will not, so _ is less likely to work in an office.",_,_,15,15,Brian,Michael,3,11,3,11,more,less,17,is,is,16,16,he,he,_,_
0-3KQC8JMJGE6S3M71KNCQIVT908NH37,She was never able to use the lash curlers on her lashes because the _ were too large.,She was never able to use the lash curlers on her lashes because the _ were too thin.,_,_,14,14,curlers,lashes,8,11,8,11,large,thin,17,were,were,15,15,they,they,the _,the _
0-3FBEFUUYRMJCQIM5XJ0W8CIQYEG6AV,"Mike and friends practiced basketball out in the field instead of gym during rain, even though the _ was wet.","Mike and friends practiced basketball out in the field instead of gym during rain, even though the _ was dry.",_,_,17,17,field,gym,8,11,8,11,wet,dry,19,was,was,18,18,it,it,the _,the _
0-3GVPRXWRPJ8A00J8SHX1VO6453C7IF,"Donald is interested in girls, while Nick is attracted to boys, which means _ is straight.","Donald is interested in girls, while Nick is attracted to boys, which means _ is gay.",_,_,13,13,Donald,Nick,0,6,0,6,straight,gay,15,is,is,14,14,he,he,_,_
0-3O71U79SRD3IFHTR1ZT4I89IBLESM2,John cannot use the rake to clear the debris and they pass through the holes between the prong. The _ are tiny.,John cannot use the rake to clear the debris and they pass through the holes between the prong. The _ are wide.,_,_,19,19,debris,holes,8,14,8,14,tiny,wide,21,are,are,20,20,They,They,The _,The _
0-3RBI0I35XE1ZVSYJAP4ECX042I5Y3D,Neil requested that Christopher change the water in his fish tank in his room because _ was at school.,Neil requested that Christopher change the water in his fish tank in his room because _ was at home.,_,_,15,15,Neil,Christopher,0,3,0,3,school,home,18,was,was,16,16,he,he,_,_
0-30Z7M1Q8U0YZUW5TQYXUSQEH5EZ8AN,The case kept opening by itself because of the box kept in it because the _ was too small.,The case kept opening by itself because of the box kept in it because the _ was too large.,_,_,15,15,case,box,1,9,1,9,small,large,18,was,was,16,16,it,it,the _,the _
0-38Z7YZ2SB5GK6IONOG67VFN0CNPIQ1,John cared for the pot while it was being transported in the box but it eventually got broken. The _ was fragile.,John cared for the pot while it was being transported in the box but it eventually got broken. The _ was hard.,_,_,19,19,pot,box,4,12,4,12,fragile,hard,21,was,was,20,20,It,It,The _,The _
0-388CL5C1RL19JQXQQTGQEHNR14ULHS,Jeffrey's finger could not enter his nose when it itched because the _ is very big.,Jeffrey's finger could not enter his nose when it itched because the _ is very small.,_,_,12,12,finger,nose,1,6,1,6,big,small,15,is,is,13,13,it,it,the _,the _
0-3SMIWMMK63JUZ6F9U6UR67TXUPZWU9,Kayla fit into a size six shoe while Tanya did not because _ has small feet.,Kayla fit into a size six shoe while Tanya did not because _ has large feet.,_,_,12,12,Kayla,Tanya,0,8,0,8,small,large,14,has,has,13,13,she,she,_,_
0-3FW4EL5A3N2Z3E80X2VECHIG6LM223,"Jane could not hold her hair with the band without breaking it, so she used the ribbon because the _ is small.","Jane could not hold her hair with the band without breaking it, so she used the ribbon because the _ is big.",_,_,19,19,band,ribbon,8,16,8,16,small,big,21,is,is,20,20,it,it,the _,the _
0-3RDTX9JRTYZ2VARY4PFOQXJTYBP79L,Carrie had to bring an astringent face wash to the sleepover because Monica didn't have any; _ has lots of pimples.,Carrie had to bring an astringent face wash to the sleepover because Monica didn't have any; _ has a clear complexion.,_,_,16,16,Carrie,Monica,0,12,0,12,lots of pimples,a clear complexion,18,has,has,17,17,she,she,_,_
0-30F94FBDNRI8H132FCWLMZ616OLTBM,Benjamin accused Adam of taking the last jar of peanut butter because _ was distrusting.,Benjamin accused Adam of taking the last jar of peanut butter because _ was so hungry.,_,_,12,12,Benjamin,Adam,0,2,0,2,distrusting,so hungry,14,was,was,13,13,he,he,_,_
0-32TMVRKDGPCKS7PCHXN3FNSGBR648H,Robert has a much harder time managing the heat than Samuel; _ is from Alaska.,Robert has a much harder time managing the heat than Samuel; _ is from Hawaii.,_,_,11,11,Robert,Samuel,0,10,0,10,Alaska,Hawaii,14,is,is,12,12,he,he,_,_
0-35NNO802AVUK9WCOOQ2QZN4MCW3IN3,For the new job Tanya bought bamboo from Patricia at a fair price; _ works in a building construction business.,For the new job Tanya bought bamboo from Patricia at a fair price; _ works in a building supply business.,_,_,13,13,Tanya,Patricia,4,8,4,8,construction,supply,18,works,works,14,14,she,she,_,_
0-3TD33TP5DNGIWU30TAH4JS4HBATBAA,The rock thrown on the floor could no longer be found because the _ is tiny.,The rock thrown on the floor could no longer be found because the _ is wide.,_,_,13,13,rock,floor,1,5,1,5,tiny,wide,15,is,is,14,14,it,it,the _,the _
0-3D17ECOUOET25MNGY0X5YAPUQEG31X,Hunter is more emotionally fragile than Adam; _ is in an unhealthy relationship.,Hunter is more emotionally fragile than Adam; _ is in a much healthier relationship.,_,_,7,7,Hunter,Adam,0,6,0,6,an unhealthy,a much healthier,10,is,is,8,8,he,he,_,_
0-3TZ0XG8CBUI6VOWHEU7U4XFO4BY893,"Mary is staring off into nowhere, looking right through Carrie. _ has a blank look.","Mary is staring off into nowhere, looking right through Carrie. _ has a confused look.",_,_,10,10,Mary,Carrie,0,9,0,9,blank,confused,13,has,has,11,11,She,She,_,_
0-33W1NHWFYJZJTO5P5OOO0F1DSDWTZ5,Natalie wants to succeed in life while Kayla just doesn't care as much; _ has many goals in life.,Natalie wants to succeed in life while Kayla just doesn't care as much; _ has little goals in life.,_,_,13,13,Natalie,Kayla,0,7,0,7,many,little,15,has,has,14,14,she,she,_,_
0-3E24UO25QZOMYXHZN4TEH9EMTD26OX,Victoria likes to communicate with friends via their computer whereas Cynthia likes to communicate face to face because _ is shy.,Victoria likes to communicate with friends via their computer whereas Cynthia likes to communicate face to face because _ is outgoing.,_,_,18,18,Victoria,Cynthia,0,10,0,10,shy,outgoing,20,is,is,19,19,she,she,_,_
0-391JB9X4Z0MKRYGJWQK2RMI8TUUMKD,James finished the book during his flight home and he loved it. The _ was short.,James finished the book during his flight home and he loved it. The _ was long.,_,_,13,13,book,flight,3,6,3,6,short,long,15,was,was,14,14,It,It,The _,The _
0-0,"Mark told Pete many lies about himself, which Pete included in the book. _ has to be more honest.","Mark told Pete many lies about himself, which Pete included in the book. _ has to be more skeptical.",_,_,13,13,Mark,Pete,0,2,0,2,honest,skeptical,18,has,has,14,14,He,He,_,_
0-2,I poured water from the bottle into the cup until the _ was empty.,I poured water from the bottle into the cup until the _ was full.,_,_,11,11,bottle,cup,5,8,5,8,empty,full,13,was,was,12,12,it,it,the _,the _
0-3,Dan had to stop Bill from toying with the injured bird. _ is very compassionate.,Dan had to stop Bill from toying with the injured bird. _ is very cruel.,_,_,11,11,Dan,Bill,0,4,0,4,compassionate,cruel,14,is,is,12,12,He,He,_,_
0-7,"Sam took French classes from Adam, because _ was eager to speak it fluently.","Sam took French classes from Adam, because _ was known to speak it fluently.",_,_,7,7,Sam,Adam,0,5,0,5,eager,known,9,was,was,8,8,he,he,_,_
0-10,"The journalists interviewed the stars of the new movie. The _ were very persistent, so the interview lasted for a long time.","The journalists interviewed the stars of the new movie. The _ were very cooperative, so the interview lasted for a long time.",_,_,10,10,journalists,stars,1,4,1,4,persistent,cooperative,13,were,were,11,11,They,They,The _,The _
0-11,"In the storm, the tree fell down and crashed through the roof of my house. Now, the _ has to be removed.","In the storm, the tree fell down and crashed through the roof of my house. Now, the _ has to be repaired.",_,_,17,17,tree,roof,4,11,4,11,removed,repaired,21,has,has,18,18,it,it,the _,the _
0-12,"Beth is not angry with Sally even though she cut her off, because _ has stopped and taken deep breath.","Beth is not angry with Sally even though she cut her off, because _ has stopped and apologized right away.",_,_,13,13,Beth,Sally,0,5,0,5,taken deep breath,apologized right away,17,has,has,14,14,she,she,_,_
0-13,"The con artist has succeeded in fooling Sam, so _ has gotten a lot of money.","The con artist has succeeded in fooling Sam, so _ has lost a lot of money.",_,_,9,9,The con artist,Sam,0,7,0,7,gotten,lost,11,has,has,10,10,he,he,_,_
0-14,The fish ate the worm. The _ was starved.,The fish ate the worm. The _ was tasty.,_,_,6,6,fish,worm,1,4,1,4,starved,tasty,8,was,was,7,7,It,It,The _,The _
0-16,Joe paid the detective because _ has received the final report on the case.,Joe paid the detective because _ has delivered the final report on the case.,_,_,5,5,Joe,the detective,0,2,0,2,received,delivered,7,has,has,6,6,he,he,_,_
0-17,"As Andrea in the crop duster passed over Susan, _ was able to spot the landing strip.","As Andrea in the crop duster passed over Susan, _ was able to spot the landing gear.",_,_,9,9,Andrea,Susan,1,8,1,8,strip,gear,16,was,was,10,10,she,she,_,_
0-19,"The cat was lying by the mouse hole waiting for the mouse, but the _ was too impatient.","The cat was lying by the mouse hole waiting for the mouse, but the _ was too cautious.",_,_,14,14,cat,mouse,1,11,1,11,impatient,cautious,17,was,was,15,15,it,it,the _,the _
0-20,Bob collapsed on the sidewalk. Soon he saw Carl coming to help. _ was very ill.,Bob collapsed on the sidewalk. Soon he saw Carl coming to help. _ was very concerned.,_,_,12,12,Bob,Carl,0,8,0,8,ill,concerned,15,was,was,13,13,He,He,_,_
0-21,Susan knows all about Ann's personal problems because _ is inquisitive.,Susan knows all about Ann's personal problems because _ is indiscreet.,_,_,8,8,Susan,Ann,0,4,0,4,inquisitive,indiscreet,10,is,is,9,9,she,she,_,_
0-24,"Paul tried to call George on the phone, but _ was not successful.","Paul tried to call George on the phone, but _ was not available.",_,_,9,9,Paul,George,0,4,0,4,successful,available,12,was,was,10,10,he,he,_,_
0-25,The table won't fit through the doorway because the _ is too wide.,The table won't fit through the doorway because the _ is too narrow.,_,_,9,9,table,doorway,1,6,1,6,wide,narrow,12,is,is,10,10,it,it,the _,the _
0-27,Emma gives Ava a lift to school so _ doesn't have to drive alone.,Emma gives Ava a lift to school so _ doesn't have to walk alone.,_,_,8,8,Emma,Ava,0,2,0,2,drive,walk,12,doesn't,doesn't,9,9,she,she,_,_
0-28,Ann is asking Mary what time the library closes because _ has bad memory.,Ann is asking Mary what time the library closes because _ has the schedule.,_,_,10,10,Ann,Mary,0,3,0,3,bad memory,the schedule,12,has,has,11,11,she,she,_,_
0-32,Jade throws her schoolbag down to Emma after _ reaches the top of the stairs.,Jade throws her schoolbag down to Emma after _ reaches the bottom of the stairs.,_,_,8,8,Jade,Emma,0,6,0,6,top,bottom,11,reaches,reaches,9,9,she,she,_,_
0-36,"George got free tickets to the play, but he gave them to Eric because _ was not eager to see it.","George got free tickets to the play, but he gave them to Eric because _ was particularly eager to see it.",_,_,14,14,George,Eric,0,12,0,12,not,particularly,16,was,was,15,15,he,he,_,_
0-38,The sculpture rolled off the shelf because the _ wasn't anchored.,The sculpture rolled off the shelf because the _ wasn't level.,_,_,8,8,sculpture,shelf,1,5,1,5,anchored,level,10,wasn't,wasn't,9,9,it,it,the _,the _
0-39,"The sack of potatoes is placed above the bag of flour, so the _ has to be moved first.","The sack of potatoes is placed above the bag of flour, so the _ has to be moved last.",_,_,13,13,sack,bag,1,8,1,8,first,last,18,has,has,14,14,it,it,the _,the _
0-43,"Alice is looking for Jade in the crowd. Since _ has amazingly good luck, Alice will spot her quickly.","Alice is looking for Jade in the crowd. Since _ has a unique hairstyle, Alice will spot her quickly.",_,_,9,9,Alice,Jade,0,4,0,4,amazingly good luck,a unique hairstyle,11,has,has,10,10,she,she,_,_
0-44,"Fred and Alice had very warm down coats, but _ were not prepared for the cold in Alaska.","Fred and Alice had very warm down coats, but _ were not enough for the cold in Alaska.",_,_,9,9,Fred and Alice,coats,0,7,0,7,prepared,enough,12,were,were,10,10,they,they,_,_
0-46,Ellie follows Jane's examples in everything. _ has admired her hugely.,Ellie follows Jane's examples in everything. _ has influenced her hugely.,_,_,6,6,Ellie,Jane,0,2,0,2,admired,influenced,8,has,has,7,7,She,She,_,_
0-48,"The dog chased the cat, which ran up a tree. The _ is waiting at the bottom.","The dog chased the cat, which ran up a tree. The _ is waiting at the top.",_,_,11,11,dog,cat,1,4,1,4,bottom,top,16,is,is,12,12,It,It,The _,The _
0-50,"Ava was greatly influenced by the author of the book, though _ was from two centuries later.","Ava was greatly influenced by the author of the book, though _ was from two centuries earlier.",_,_,11,11,Ava,the author,0,5,0,5,later,earlier,16,was,was,12,12,she,she,_,_
0-53,The large ball crashed right through the table because the _ was made of steel.,The large ball crashed right through the table because the _ was made of glass.,_,_,10,10,ball,table,2,7,2,7,steel,glass,14,was,was,11,11,it,it,the _,the _
0-54,"The path to the lake was blocked, so the _ was of no use.","The path to the lake was blocked, so the _ was out of reach.",_,_,9,9,path,lake,1,4,1,4,of no use,out of reach,11,was,was,10,10,it,it,the _,the _
0-55,Joan gave candies to Jane because _ was not hungry.,Joan gave candies to Jane because _ was very hungry.,_,_,6,6,Joan,Jane,0,4,0,4,not,very,8,was,was,7,7,she,she,_,_
0-59,"Bob paid for Charlie's college education, but now Charlie acts as though it never happened. _ is hurt and upset.","Bob paid for Charlie's college education, but now Charlie acts as though it never happened. _ is ungracious.",_,_,15,15,Bob,Charlie,0,3,0,3,hurt and upset,ungracious,17,is,is,16,16,He,He,_,_
0-61,"Fred is the only man alive who still remembers my father as an infant. When Fred first saw my father, _ was twelve years old.","Fred is the only man alive who still remembers my father as an infant. When Fred first saw my father, _ was twelve months old.",_,_,20,20,Fred,my father,0,9,0,9,years,months,23,was,was,21,21,he,he,_,_
0-63,"Jane knocked on Susan's door, but there was no answer. _ was disappointed.","Jane knocked on Susan's door, but there was no answer. _ was out.",_,_,10,10,Jane,Susan,0,3,0,3,disappointed,out,12,was,was,11,11,She,She,_,_
0-64,The foxes are getting in at night and attacking the chickens. The _ have gotten very bold.,The foxes are getting in at night and attacking the chickens. The _ have gotten very nervous.,_,_,12,12,foxes,chickens,1,10,1,10,bold,nervous,16,have,have,13,13,They,They,The _,The _
0-69,Pete envies Martin because _ is very jealous.,Pete envies Martin because _ is very successful.,_,_,4,4,Pete,Martin,0,2,0,2,jealous,successful,7,is,is,5,5,he,he,_,_
0-73,"John ordered Bill to leave, so an hour later _ was alone.","John ordered Bill to leave, so an hour later _ was gone.",_,_,9,9,John,Bill,0,2,0,2,alone,gone,11,was,was,10,10,he,he,_,_
0-74,The firefighters arrived before the police because the _ were coming from a nearby station.,The firefighters arrived before the police because the _ were coming from a distant station.,_,_,8,8,firefighters,police,1,5,1,5,nearby,distant,13,were,were,9,9,they,they,the _,the _
0-77,Jim comforted Kevin because _ was so kind.,Jim comforted Kevin because _ was so upset.,_,_,4,4,Jim,Kevin,0,2,0,2,kind,upset,7,was,was,5,5,he,he,_,_