pair_id,sent_1,sent_2,pron_1,pron_2,pron_word_id_1,pron_word_id_2,option_1,option_2,option_1_word_id_1,option_2_word_id_1,option_1_word_id_2,option_2_word_id_2,context_1,context_2,context_word_id,verb_1,verb_2,verb_word_id_1,verb_word_id_2
3-3Z33IC0JC20J0PR16LU4O9N59PP9VA,James slid down from the top of the roof to the fence because the _ is lower.,James slid down from the top of the roof to the fence because the _ is shorter.,_,_,14,14,fence,roof,11,8,11,8,lower,shorter,16,is,is,15,15
3-3HUR21WDDW3Q5F44ECN2BBDGX39XY2,Angela prefers to wear skirts while Amy prefers long pants. _ wears fancy brown leather shoes.,Angela prefers to wear skirts while Amy prefers long pants. _ wears dress socks and sandals.,_,_,10,10,Amy,Angela,6,0,6,0,fancy brown leather shoes,dress socks and sandals,12,wears,wears,11,11
3-3XU9MCX6VQQG7YPLCSAFDPQNHJ9R2N,"Mary has bad dandruff, but Cynthia has never had that issue. _ lives in a muggy climate.","Mary has bad dandruff, but Cynthia has never had that issue. _ lives in a wetter climate.",_,_,11,11,Cynthia,Mary,5,0,5,0,muggy,wetter,15,lives,lives,12,12
3-3LCXHSGDLVKK3T1EK15L50492I3ESD,The pan placed over the flame does not get hot fast enough because the _ is small.,The pan placed over the flame does not get hot fast enough because the _ is low.,_,_,14,14,flame,pan,5,1,5,1,small,low,16,is,is,15,15
3-368IUKXGA7MJDMS7M2ITY77LY086P4,It appears more jars can easily fit into the bags if attempted. He never knew the _ are that large.,It appears more jars can easily fit into the bags if attempted. He never knew the _ are that big.,_,_,16,16,bags,jars,9,3,9,3,large,big,19,are,are,17,17
3-3BKZLF9901D6WI3SSYSAH3HN0SJYQN,James could not hear the sound of his television over his neighbor because his _ was too busy.,James could not hear the sound of his television over his neighbor because his _ was too noisy.,_,_,14,14,neighbor,television,11,8,11,8,busy,noisy,17,was,was,15,15
3-31KPKEKW4CRMVH5I18KBUMS54RV0BW,John wanted to exchange the tea with the popsicle because it was a hot day already and the _ was cool.,John wanted to exchange the tea with the popsicle because it was a hot day already and the _ was cold.,_,_,18,18,popsicle,tea,8,5,8,5,cool,cold,20,was,was,19,19
3-3RHLQY6EDT2HFDMWE7MJ9HI9TDGD4N,"Katrina orders water at the bar, while Emily has a nice, cold beer, so _ is high.","Katrina orders water at the bar, while Emily has a nice, cold beer, so _ is drunk.",_,_,14,14,Emily,Katrina,7,0,7,0,high,drunk,16,is,is,15,15
3-33EEIIWHK9LPSO8NNN5QA4DTIBHVQB,The pressure of the water increased when it flowed from the tank to the pipe because the _ is smaller.,The pressure of the water increased when it flowed from the tank to the pipe because the _ is narrower.,_,_,17,17,pipe,tank,14,11,14,11,smaller,narrower,19,is,is,18,18
3-3PEG1BH7AG5O87CM51UTD67DGXSKBP,It is better to play a prank on Samuel than Craig because _ gets angry very often.,It is better to play a prank on Samuel than Craig because _ gets angry more often.,_,_,12,12,Craig,Samuel,10,8,10,8,very,more,15,gets,gets,13,13
3-32L724R85LIKCHO145FI3C9HHW7PIK,Tim decided to shave his beard instead of his head since his wife thought that his _ was more bearable.,Tim decided to shave his beard instead of his head since his wife thought that his _ was tolerable.,_,_,16,16,head,beard,9,5,9,5,more bearable,tolerable,18,was,was,17,17
3-35XW21VSVISY9ZB61NSPIVUTBGOLST,John almost emptied his gas tank while driving around the border of the new town. The _ is lengthy.,John almost emptied his gas tank while driving around the border of the new town. The _ is long.,_,_,16,16,border,tank,10,5,10,5,lengthy,long,18,is,is,17,17
3-375VSR8FVW7RJKTQH17T82CMERXRZB,The helmet will not fit on the teenager's head because the _ is extremely wide.,The helmet will not fit on the teenager's head because the _ is extremely broad.,_,_,11,11,head,helmet,8,1,8,1,wide,broad,14,is,is,12,12
3-33CLA8O0MI9LE32QGPDM5AW42L1RFJ,"Robert threw the dish on the floor and Jeffrey cleaned it up, because _ is the butler.","Robert threw the dish on the floor and Jeffrey cleaned it up, because _ is the servant.",_,_,13,13,Jeffrey,Robert,8,0,8,0,butler,servant,16,is,is,14,14
3-33CLA8O0MKP08S1X0NPMX8KDRJWRFK,James dropped the crayon on the table and it got broken. The _ is sturdy.,James dropped the crayon on the table and it got broken. The _ is hard.,_,_,12,12,table,crayon,6,3,6,3,sturdy,hard,14,is,is,13,13
3-3HJ1EVZS2QX5SGL4GSOKWZVGOV7R3V,James managed to put the file into the crack because the _ was broad enough.,James managed to put the file into the crack because the _ was wide enough.,_,_,11,11,crack,file,8,5,8,5,broad,wide,13,was,was,12,12
3-359AP8GAGGI4T8Y1G9PFSNK14URC72,Ellen opted to eat the tortillas rather than the nachos because she is on a low-carb diet. The _ have excessive carbs.,Ellen opted to eat the tortillas rather than the nachos because she is on a low-carb diet. The _ have more carbs.,_,_,18,18,nachos,tortillas,9,5,9,5,excessive,more,20,have,have,19,19
3-37SDSEDIN90O6JTMAHS1PRX56ZT81D,Rachel drinks a lot of milk but Kayla does not and as a result _ has very frail bones.,Rachel drinks a lot of milk but Kayla does not and as a result _ has very weak bones.,_,_,14,14,Kayla,Rachel,7,0,7,0,frail,weak,17,has,has,15,15
3-3UL5XDRDNEX2OQTCV26DKFYUBHU857,Jane's finger could not fit into the ring her boyfriend bought for her because the _ is narrow.,Jane's finger could not fit into the ring her boyfriend bought for her because the _ is small.,_,_,15,15,ring,finger,7,1,7,1,narrow,small,17,is,is,16,16
3-3PUV2Q8SV4210C75TMW6HVOF37MBDK,"Rachel enjoys sleeping on the ground, while Tanya really can't stand it, because _ happens to prefer flexible surfaces.","Rachel enjoys sleeping on the ground, while Tanya really can't stand it, because _ happens to prefer soft surfaces.",_,_,13,13,Tanya,Rachel,7,0,7,0,flexible,soft,17,happens,happens,14,14
3-3Y3CZJSZ9KRTC691AD0DJY5R8815RL,"Ian likes dark chocolate more than Brett, who prefers milk chocolate, so _ is likely to be more childish.","Ian likes dark chocolate more than Brett, who prefers milk chocolate, so _ is likely to be childlike.",_,_,12,12,Brett,Ian,6,0,6,0,more childish,childlike,17,is,is,13,13
3-3D4BBDG7ZJA1MEWLYVYP74WTNCO3CI,The basketball did no go through the net when it was dunked because the _ is small.,The basketball did no go through the net when it was dunked because the _ is narrow.,_,_,14,14,net,basketball,7,1,7,1,small,narrow,16,is,is,15,15
3-3IVEC1GSLPXDQ0P51LPSEH6JRUC1JO,Megan is a criminal defense lawyer and Maria is a family lawyer. _ is very knowledgeable about custody laws.,Megan is a criminal defense lawyer and Maria is a family lawyer. _ is more knowledgeable about custody laws.,_,_,12,12,Maria,Megan,7,0,7,0,very,more,14,is,is,13,13
3-3TD33TP5DNGIWU30TAH4JS4ICFQBAK,James could not get his new bracelet onto his wrist because the _ is too large.,James could not get his new bracelet onto his wrist because the _ is too big.,_,_,12,12,wrist,bracelet,9,6,9,6,large,big,15,is,is,13,13
3-3SX4X51T82N2FOS9XFMQPC4GI0ZOAW,The card got scratched when it was continuously dragged over the table because the _ is jagged.,The card got scratched when it was continuously dragged over the table because the _ is rough.,_,_,14,14,table,card,11,1,11,1,jagged,rough,16,is,is,15,15
3-3UYRNV2KIVD6EFZIZ22ZEWYH35P8N1,The mouse got stuck in a hole while running with a wood branch in its mouth. The _ is long.,The mouse got stuck in a hole while running with a wood branch in its mouth. The _ is wide.,_,_,17,17,wood branch,hole,11,6,11,6,long,wide,19,is,is,18,18
3-3FULMHZ7OWBZDWRGBYXMK5TCX4RM43,The flag was not blowing in the wind when it was raised on the pole. The _ was weak.,The flag was not blowing in the wind when it was raised on the pole. The _ was light.,_,_,16,16,wind,flag,7,1,7,1,weak,light,18,was,was,17,17
3-3538U0YQ1H88PQGVPXOQFAHXM8K3F3,It took the water so much time to boil while placed on the flame because the _ was small.,It took the water so much time to boil while placed on the flame because the _ was low.,_,_,16,16,flame,water,13,3,13,3,small,low,18,was,was,17,17
3-3E24UO25QZOMYXHZN4TEH9EMTJQO6F,Betty ends up with a lot more knots in her hair than Mary because _ has straight hair.,Betty ends up with a lot more knots in her hair than Mary because _ has short hair.,_,_,14,14,Mary,Betty,12,0,12,0,straight,short,16,has,has,15,15
3-3Y7LTZE0YTKJZCL7LV2YDDZ6G77ZUM,"Popsicles come in many flavors, but Kenneth only likes cherry and Ian likes them all because _ is less picky.","Popsicles come in many flavors, but Kenneth only likes cherry and Ian likes them all because _ is not picky.",_,_,16,16,Ian,Kenneth,11,6,11,6,less,not,18,is,is,17,17
3-3WGCNLZJKHMFH3OKBNFH3HZFC7A1DA,The wheel of the cart had gone through the space but the handle was stuck. The _ is larger.,The wheel of the cart had gone through the space but the handle was stuck. The _ is wider.,_,_,16,16,handle,wheel,12,1,12,1,larger,wider,18,is,is,17,17
3-3MD8CKRQZ11GDUNTJDG7C6C5KD7RJR,James took off his jacket on getting home and took a shower with water because he was sweating. The _ was refreshing.,James took off his jacket on getting home and took a shower with water because he was sweating. The _ was cold.,_,_,19,19,water,jacket,13,4,13,4,refreshing,cold,21,was,was,20,20
3-3JMNNNO3B3ILFU67BMKL0OY5AWMW2S,James realized the bag cannot contain the bottles so he decided to put twenty jars in it. The _ are little.,James realized the bag cannot contain the bottles so he decided to put twenty jars in it. The _ are small.,_,_,18,18,jars,bottles,14,7,14,7,little,small,20,are,are,19,19
3-3JU8CV4BRNQ92SYBMY4NF7TBHVCPO8,The flag can hardly blow when raised up in the wind because the _ is weak.,The flag can hardly blow when raised up in the wind because the _ is light.,_,_,13,13,wind,flag,10,1,10,1,weak,light,15,is,is,14,14
3-3ACRLU860PSLM7KC9FJQFBU9XJ9BEE,The cat could not climb up through the wall so it used the pillar because the _ was coarse.,The cat could not climb up through the wall so it used the pillar because the _ was rough.,_,_,16,16,pillar,wall,13,8,13,8,coarse,rough,18,was,was,17,17
3-33Q5P9PUSPKNDI47Z4HYJ7D0940CZJ,"Derrick thought the letter Logan wrote was way too formal, because _ happens to prefer using a polite style.","Derrick thought the letter Logan wrote was way too formal, because _ happens to prefer using a professional style.",_,_,11,11,Logan,Derrick,4,0,4,0,polite,professional,17,happens,happens,12,12
3-3VMHWJRYHXUK5ON99MVEMQ61SYRXFS,Mary's bag protected the cloth when she walked in the mud. The _ is intact.,Mary's bag protected the cloth when she walked in the mud. The _ is clean.,_,_,12,12,cloth,bag,4,1,4,1,intact,clean,14,is,is,13,13
3-3JVP4ZJHDR6WIPJO7ICSG9WHXE1I0Z,The cat can only jump from the floor to the table and not to the top of the shelf because the _ is large.,The cat can only jump from the floor to the table and not to the top of the shelf because the _ is tall.,_,_,21,21,shelf,table,18,10,18,10,large,tall,23,is,is,22,22
3-31SIZS5W5BTXZHR6E30G97ORZO8QRN,The cup got full when James was just emptying the bottle he bought from the store. The _ is big.,The cup got full when James was just emptying the bottle he bought from the store. The _ is large.,_,_,17,17,bottle,cup,10,1,10,1,big,large,19,is,is,18,18
3-3K3G488TR4M8UUT8HWND66JV65WQ5J,James coated the top of the table with a varnish and left the chair the way it was. Now the _ is dim.,James coated the top of the table with a varnish and left the chair the way it was. Now the _ is dull.,_,_,20,20,chair,table,13,6,13,6,dim,dull,22,is,is,21,21
3-307FVKVSYTTGSTKT7SVX1NWM1JA47V,James realized he could eat more of the apple unlike the banana because the _ is sizable.,James realized he could eat more of the apple unlike the banana because the _ is large.,_,_,14,14,banana,apple,11,8,11,8,sizable,large,16,is,is,15,15
3-3PZDSVZ3J7V5VECGNZCMXKIC1WYN44,The fountain pen cannot write smoothly on the paper because the _ is too coarse.,The fountain pen cannot write smoothly on the paper because the _ is too rough.,_,_,11,11,paper,pen,8,2,8,2,coarse,rough,14,is,is,12,12
3-3VP28W7DUPY9AJNOA4JZJBMBZKEZFL,The remaining ball of thread could crochet more sweater for the kids because the _ was miniature.,The remaining ball of thread could crochet more sweater for the kids because the _ was small.,_,_,14,14,sweater,ball,8,2,8,2,miniature,small,16,was,was,15,15
3-3XH7ZM9YX48R7IAKX1PUNCY2PKOR9E,John had to return the chair he bought for his new office as it could not get into it because the _ is confined.,John had to return the chair he bought for his new office as it could not get into it because the _ is small.,_,_,21,21,office,chair,11,5,11,5,confined,small,23,is,is,22,22
3-3H1C3QRA01HP2NDB3H3LYXCIL0XECP,"At work, Mary takes care of hamsters, but Monica doesn't; _ works in a department store.","At work, Mary takes care of hamsters, but Monica doesn't; _ works in a grocery store.",_,_,10,10,Monica,Mary,8,2,8,2,department,grocery,14,works,works,11,11
3-386T3MLZLP93TJ7BYW013K24VNU80S,Jane had the ring slide down her finger too easily because the _ is too skinny.,Jane had the ring slide down her finger too easily because the _ is too small.,_,_,12,12,finger,ring,7,3,7,3,skinny,small,15,is,is,13,13
3-3R6RZGK0XFAJ7102UZAKVSSNT34VYF,All the routine tasks at work bore Donald but Ryan is fine with them; _ happens to prefer repetition in work.,All the routine tasks at work bore Donald but Ryan is fine with them; _ happens to prefer consistency in work.,_,_,14,14,Ryan,Donald,9,7,9,7,repetition,consistency,18,happens,happens,15,15
3-3G3AJKPCXN6Z7DGUU1LXE0GI4AT4YN,Eric asked Ian if he could pass him in line at the checkout at a supermarket because _ has too many items.,Eric asked Ian if he could pass him in line at the checkout at a supermarket because _ has far more items.,_,_,17,17,Ian,Eric,2,0,2,0,too many,far more,19,has,has,18,18
3-38XPGNCKHVEI3JLPPQYD71COMD44VV,"Nick gets jock itch a lot, while Jason has never even worn a jock strap. _ is feeble.","Nick gets jock itch a lot, while Jason has never even worn a jock strap. _ is artistic.",_,_,15,15,Jason,Nick,7,0,7,0,feeble,artistic,17,is,is,16,16
3-3HA5ODM5KC6154N0FRUV54SV12XVS4,The dog could not see that the pole is behind the fence because the _ is higher.,The dog could not see that the pole is behind the fence because the _ is taller.,_,_,14,14,fence,pole,11,7,11,7,higher,taller,16,is,is,15,15
3-3PKJ68EHDPA3O09QN84DY2AZYFIJHI,The snow storm in England is less severe than the rain because the _ happens frequently.,The snow storm in England is less severe than the rain because the _ happens always.,_,_,13,13,rain,snow storm,10,1,10,1,frequently,always,15,happens,happens,14,14
3-3ZURAPD28A1CFN2G2TA7RH2ZMZ61FR,"Summers are easy for Kayla because she doesn't work, while Laura has to work; _ is a camp counselor.","Summers are easy for Kayla because she doesn't work, while Laura has to work; _ is a lifeguard.",_,_,14,14,Laura,Kayla,10,4,10,4,camp counselor,lifeguard,17,is,is,15,15
3-3TZ0XG8CBUI6VOWHEU7U4XFO4CW984,"At the house, Dennis would leave the sprinkler on unlike Neil because _ is trustworthy.","At the house, Dennis would leave the sprinkler on unlike Neil because _ is more reliable.",_,_,12,12,Neil,Dennis,10,3,10,3,trustworthy,more reliable,14,is,is,13,13
3-3WGZLY9VCJ0XS385A8OWIRMNP1N8DJ,"If you wonder whether to use ink or a pencil to do your homework, the _ is quick to fix later.","If you wonder whether to use ink or a pencil to do your homework, the _ is easier to fix later.",_,_,15,15,pencil,ink,9,6,9,6,quick,easier,17,is,is,16,16
3-3XJOUITW8W5AFW4YIS5B9MP9M8ITQD,"James handed a box of items for his friend to carry but feeling lazy, his friend had his eyes on the bag because the _ is lighter.","James handed a box of items for his friend to carry but feeling lazy, his friend had his eyes on the bag because the _ is smaller.",_,_,24,24,bag,box,21,3,21,3,lighter,smaller,26,is,is,25,25
3-39AYGO6AFHYJA1GU6N51UI2PWGI6N5,James regretted eating the unripe mango and later decided to eat the apple instead because he found out the _ was delicious.,James regretted eating the unripe mango and later decided to eat the apple instead because he found out the _ was sweet.,_,_,19,19,apple,mango,12,5,12,5,delicious,sweet,21,was,was,20,20
3-3O71U79SRBN3LSUKH1H4QAL9LPYSMJ,"You can use both flour and cornstarch to thicken soups, but the _ is a more bizarre kitchen ingredient.","You can use both flour and cornstarch to thicken soups, but the _ is a less common kitchen ingredient.",_,_,12,12,cornstarch,flour,6,4,6,4,more bizarre,less common,15,is,is,13,13
3-3L1EFR8WWT3FA364M8D0EPWAWYBF9Y,Christine kept badgering Monica to get her affection and attention because _ is the parent.,Christine kept badgering Monica to get her affection and attention because _ is the mother.,_,_,11,11,Monica,Christine,3,0,3,0,parent,mother,14,is,is,12,12
3-33BFF6QPI3PA0C2QFMYQJY3WFM9W3B,Amy's skirt is much shorter than the one that Victoria is wearing; _ wants little attention.,Amy's skirt is much shorter than the one that Victoria is wearing; _ wants less attention.,_,_,12,12,Victoria,Amy,9,0,9,0,little,less,14,wants,wants,13,13
3-3LB1BGHFL4AJOYVK92M5M8SBMJCYT3,Michael convinced Randy that his priceless glass vase was a knockoff because _ is gullible.,Michael convinced Randy that his priceless glass vase was a knockoff because _ is exploitable.,_,_,12,12,Randy,Michael,2,0,2,0,gullible,exploitable,14,is,is,13,13
3-34F34TZU7YDZ9A684N16BY4X8TA2JM,"Tanya really does not see many humans, just Laura; _ is more outgoing.","Tanya really does not see many humans, just Laura; _ is more social.",_,_,9,9,Laura,Tanya,8,0,8,0,more outgoing,more social,11,is,is,10,10
3-3JMNNNO3B126L570RO8L8QAWLUE2WC,I chose the milk chocolate bar over the dark chocolate chip for my reward because the _ was tiny.,I chose the milk chocolate bar over the dark chocolate chip for my reward because the _ was smaller.,_,_,16,16,chip,bar,10,5,10,5,tiny,smaller,18,was,was,17,17
3-3CRWSLD91MI3HP1YUICVY3ZHDZ4MOX,The alarm sounding in the other room got the birds quacking but James can only hear the quack because the _ is near.,The alarm sounding in the other room got the birds quacking but James can only hear the quack because the _ is closer.,_,_,20,20,quack,alarm,17,1,17,1,near,closer,22,is,is,21,21
3-3LEG2HW4UH1J48KCLXALW0C4EKU2FD,James put the egg in the refrigerator and the meat in the sun. Now the _ is warm.,James put the egg in the refrigerator and the meat in the sun. Now the _ is hot.,_,_,15,15,meat,egg,9,3,9,3,warm,hot,17,is,is,16,16
3-3YKP7CX6G2DLJ36V29TKH3EJM8W7BT,My trainer advised that both freelance job and salaried employment are great but the _ is relatively secure.,My trainer advised that both freelance job and salaried employment are great but the _ is more secure.,_,_,14,14,salaried employment,freelance job,8,5,8,5,relatively,more,16,is,is,15,15
3-3X52SWXE0ZJYDCY98F9RC17RM8DWCL,It took the food ten additional minutes to cook over the flame because the _ was too small.,It took the food ten additional minutes to cook over the flame because the _ was too weak.,_,_,14,14,flame,food,11,3,11,3,small,weak,17,was,was,15,15
3-3RWO3EJELJNO60RAGW6C3BG4PP01P8,James threw the ball into the basket but it could not enter it. The _ is very tiny.,James threw the ball into the basket but it could not enter it. The _ is very small.,_,_,14,14,basket,ball,6,3,6,3,tiny,small,17,is,is,15,15
3-3ZQA3IO31D56L0F91WTXEBBDE6T1OL,The cotton bud could not get into the ear of the hamster because the _ is small.,The cotton bud could not get into the ear of the hamster because the _ is narrow.,_,_,14,14,ear,bud,8,2,8,2,small,narrow,16,is,is,15,15
3-3NCN4N1H1IVPGDXP2EM95YOICS8BN0,Kyle handed the letter to Randy for help because _ is capable of reading.,Kyle handed the letter to Randy for help because _ is able to read.,_,_,9,9,Randy,Kyle,5,0,5,0,capable of reading,able to read,11,is,is,10,10
3-3N2YPY1GI8C0VLIIEWAQGNOFZH8EVF,"The dog treat outweighed the drink, hence James decided to add more drink because the _ is lightweight.","The dog treat outweighed the drink, hence James decided to add more drink because the _ is lighter.",_,_,15,15,drink,treat,5,2,5,2,lightweight,lighter,17,is,is,16,16
3-36GJS3V78X4PO4EF32MVD2YXHV5GJ8,"Emily can only do 10 push ups, while Laura can do 50, so _ is stout.","Emily can only do 10 push ups, while Laura can do 50, so _ is stronger.",_,_,13,13,Laura,Emily,8,0,8,0,stout,stronger,15,is,is,14,14
3-38LRF35D5NAX88DLKMJP1AIZUGPU3L,"Josh had to clean sand off his feet but not his hands after going to the beach because, in general, the _ touch the sand more rarely.","Josh had to clean sand off his feet but not his hands after going to the beach because, in general, the _ touch the sand less often.",_,_,21,21,hands,feet,11,7,11,7,more rarely,less often,25,touch,touch,22,22
3-3WPCIUYH1CMGQN0TD6ZR9NIA3C5TDM,The child was not happy with the shoe that slipped off his leg when he was running. The _ is tiny.,The child was not happy with the shoe that slipped off his leg when he was running. The _ is small.,_,_,18,18,leg,shoe,12,7,12,7,tiny,small,20,is,is,19,19
3-329E6HTMSYGJ5C89Q8FNVN91SR43KE,"Dennis has to dig more deeply than Jeffrey to get water, because _ lives near to a water source.","Dennis has to dig more deeply than Jeffrey to get water, because _ lives close to a water source.",_,_,12,12,Jeffrey,Dennis,7,0,7,0,near to,close to,14,lives,lives,13,13
3-3HA5ODM5KAQMBFOTVTIVD64M7ZGSVZ,Making food in the slow cooker suited Tanya but not Felicia because _ works quick hours.,Making food in the slow cooker suited Tanya but not Felicia because _ works shorter hours.,_,_,12,12,Felicia,Tanya,10,7,10,7,quick,shorter,14,works,works,13,13
3-3VMV5CHJZATJ27AKFW0ZF8L7GL9GT5,I can't concentrate in silence so I'd rather go to the cafe instead of the library to study since the _ is extremely quiet.,I can't concentrate in silence so I'd rather go to the cafe instead of the library to study since the _ is too quiet.,_,_,20,20,library,cafe,15,11,15,11,extremely,too,22,is,is,21,21
3-31KPKEKW4AB71S6BHA8B2O4WEWHB0S,The old capacitor would not fit in the box because the _ is too tight.,The old capacitor would not fit in the box because the _ is too straight.,_,_,11,11,box,capacitor,8,2,8,2,tight,straight,14,is,is,12,12
3-3EGKVCRQFY6JSC139GVKMEMPFVDYBF,James finished watching the movie while on a journey to his hometown. The _ was lengthy.,James finished watching the movie while on a journey to his hometown. The _ was long.,_,_,13,13,journey,movie,8,4,8,4,lengthy,long,15,was,was,14,14
3-3DWNFENNE599COLV81KU4D1VTAWJ4W,John had to buy another ring as it would not fit the finger of his fiancee. The _ is large.,John had to buy another ring as it would not fit the finger of his fiancee. The _ is big.,_,_,17,17,finger,ring,12,5,12,5,large,big,19,is,is,18,18
3-322ZSN9Z5IY3QRH0KVYY6JO3P6N4T6,Randy runs a trash removal service and he met Kyle at the job site; _ is the homeowner.,Randy runs a trash removal service and he met Kyle at the job site; _ is the property owner.,_,_,14,14,Kyle,Randy,9,0,9,0,homeowner,property owner,17,is,is,15,15
3-3XWUWJ18TN4H72Q4Z6FQOJ8Z7YSUUM,The milk gets colder when mixed with the ice cube in the cup because the _ is cool.,The milk gets colder when mixed with the ice cube in the cup because the _ is cold.,_,_,15,15,ice cube,milk,8,1,8,1,cool,cold,17,is,is,16,16
3-3Q9SPIIRWL0AKX1BO1D066H3MG8WAL,James was panting more heavily when he jogged on the street compared to when he jogged on the lawn because the _ is brief.,James was panting more heavily when he jogged on the street compared to when he jogged on the lawn because the _ is shorter.,_,_,21,21,lawn,street,18,10,18,10,brief,shorter,23,is,is,22,22
3-3LOJFQ4BOXD2TFBZZZ9ZGY75VBGKDN,Nancy preferred to eat popcorn rather than candy at the movies because the _ is sugary.,Nancy preferred to eat popcorn rather than candy at the movies because the _ is sweeter.,_,_,13,13,candy,popcorn,7,4,7,4,sugary,sweeter,15,is,is,14,14
3-3W1K7D6QSDVJX2B852X30LVQKMMZB3,Janet was able to prevent her pad from leaking her period because the _ was light.,Janet was able to prevent her pad from leaking her period because the _ was low.,_,_,13,13,period,pad,10,6,10,6,light,low,15,was,was,14,14
3-3OJX0UFJ01LJNA211VKZSNLMV7ZU93,John emptied the water from the bottle into the cup but we still have some left in the bottle. The _ is tiny.,John emptied the water from the bottle into the cup but we still have some left in the bottle. The _ is small.,_,_,20,20,cup,bottle,9,6,9,6,tiny,small,22,is,is,21,21
3-3VEI3XUCZTBCZ5QREQLR92YGSDDRPQ,James could see the other side of the room through the plate unlike the board that was there before. Definitely the _ is smoky.,James could see the other side of the room through the plate unlike the board that was there before. Definitely the _ is opaque.,_,_,21,21,board,plate,14,11,14,11,smoky,opaque,23,is,is,22,22
3-3CRWSLD91MI3HP1YUICVY3ZHE1HOMH,Leslie was able to jump to the top of the wall while leaving Brian behind because _ is small.,Leslie was able to jump to the top of the wall while leaving Brian behind because _ is short.,_,_,16,16,Brian,Leslie,13,0,13,0,small,short,18,is,is,17,17
3-3W9XHF7WGKT9A47WLP9EL2PRYZWKT2,I cannot forgive the hurt he made me feel as much as I love him because the _ is too little.,I cannot forgive the hurt he made me feel as much as I love him because the _ is too weak.,_,_,17,17,love,hurt,13,4,13,4,little,weak,20,is,is,18,18
3-3FDWKV9VCPGYUULVQ4O4X9R6WN5MUS,"Jeffrey has to take the medication for his diabetes, but Joel doesn't have that problem; _ is likely to eat much less sugar.","Jeffrey has to take the medication for his diabetes, but Joel doesn't have that problem; _ is likely to eat barely any sugar.",_,_,15,15,Joel,Jeffrey,10,0,10,0,much less,barely any,20,is,is,16,16
3-33CLA8O0MKP08S1X0NPMX8KDSL8FRP,The toilet is worse than my wife's closet because the _ is a wide space.,The toilet is worse than my wife's closet because the _ is a huge space.,_,_,10,10,closet,toilet,7,1,7,1,wide,huge,13,is,is,11,11
3-3UQVX1UPFSFDDF6FYHF01V1SF7V02Z,"Gmail is so yesterday, Samantha thought, as Jennifer talked about it; _ is left behind by new trends.","Gmail is so yesterday, Samantha thought, as Jennifer talked about it; _ is not aware of new trends.",_,_,11,11,Jennifer,Samantha,7,4,7,4,left behind by,not aware of,13,is,is,12,12
3-3ABAOCJ4RAI621EE9V4ZN8UHTXTQMB,We cannot see the letters written on the red shirt but we can see the numbers because the _ are gray.,We cannot see the letters written on the red shirt but we can see the numbers because the _ are white.,_,_,18,18,numbers,letters,15,4,15,4,gray,white,20,are,are,19,19
3-39O0SQZVJPLNTZMRI4RA9G7WTXTR70,The water did not get to the bottom of the bowl after James poured water on the soil in it. Just the _ is moist.,The water did not get to the bottom of the bowl after James poured water on the soil in it. Just the _ is wet.,_,_,22,22,soil,bowl,17,10,17,10,moist,wet,24,is,is,23,23
3-38VTL6WC4CRH3WKU8647JSMX5A7Y5G,"Although broccoli and steak can both be part of a healthy diet, the _ has insufficient antioxidants.","Although broccoli and steak can both be part of a healthy diet, the _ has fewer antioxidants.",_,_,13,13,steak,broccoli,3,1,3,1,insufficient,fewer,15,has,has,14,14
3-338GLSUI45PC971AFCPRNIP9D67SF7,I selected the hammer instead of the mallet as my tool choice since the _ is massive and I'm out of shape.,I selected the hammer instead of the mallet as my tool choice since the _ is heavier and I'm out of shape.,_,_,14,14,mallet,hammer,7,3,7,3,massive,heavier,16,is,is,15,15
3-33QQ60S6AUW1RGEO1Z16ZCKTSEM0U0,The trumpet had to be blown into the mic to be as audible as the drum because the _ was overwhelming.,The trumpet had to be blown into the mic to be as audible as the drum because the _ was louder.,_,_,18,18,drum,trumpet,15,1,15,1,overwhelming,louder,20,was,was,19,19
3-329E6HTMSW04BN926A3N3PLTZJHK3G,Playing Scrabble is fun for Hunter but not Joel because _ knows a lot of easy words.,Playing Scrabble is fun for Hunter but not Joel because _ knows a lot of simple words.,_,_,10,10,Joel,Hunter,8,5,8,5,easy,simple,15,knows,knows,11,11
3-3SNR5F7R947V9FYIFPB71YYMSK9EIS,James was writing a poem on his jotter when the ink finished. The _ is gone.,James was writing a poem on his jotter when the ink finished. The _ is low.,_,_,13,13,ink,poem,10,4,10,4,gone,low,15,is,is,14,14
3-3K8CQCU3KGFH4GV0X5I5SC12KIANWM,The avocado smeared over the tree when James threw it at the tree. The _ was pretty rigid.,The avocado smeared over the tree when James threw it at the tree. The _ was pretty hard.,_,_,14,14,tree,avocado,5,1,5,1,rigid,hard,17,was,was,15,15
3-3BPP3MA3TEYXZG6O0S8KTEQE9O3EL6,"The plane took off without any problems with the engine, but now it gets to altitude, and the _ has started to stutter suddenly.","The plane took off without any problems with the engine, but now it gets to altitude, and the _ has started to sputter.",_,_,18,18,engine,plane,9,1,9,1,stutter suddenly,sputter,22,has,has,19,19
3-3QGTX7BCHRGH8MUZ4S6QXZVZB8HZ5M,"He prefers to take a cold shower over a hot bath in the morning, because the _ makes him feel tired.","He prefers to take a cold shower over a hot bath in the morning, because the _ makes him feel sleepy.",_,_,16,16,hot bath,cold shower,9,5,9,5,tired,sleepy,20,makes,makes,17,17
3-3D3B8GE89456V5U5K9L5IHYNN3DP9Y,The hospital in the city is better equipped but not as friendly as the office in the small town because the _ is more likely to hire people that are very familiar.,The hospital in the city is better equipped but not as friendly as the office in the small town because the _ is more likely to hire people that are more familiar.,_,_,21,21,office,hospital,14,1,14,1,very,more,30,is,is,22,22
3-3X2LT8FDHYWW198WR3TMAFB8XX28WY,Jane realized the pin did not go through the jean because the _ was tough.,Jane realized the pin did not go through the jean because the _ was strong.,_,_,12,12,jean,pin,9,3,9,3,tough,strong,14,was,was,13,13
3-3BJKPTD2QCAVX8KRB9IBMEB5TRYTRC,"I used vinegar for a stain on the carpet today, but now my room smells terrible since the _ is too slim.","I used vinegar for a stain on the carpet today, but now my room smells terrible since the _ is too thin.",_,_,18,18,carpet,vinegar,8,2,8,2,slim,thin,21,is,is,19,19
3-3OREP8RUT294CWHWVCXENGRCLFYBGR,Logan was so sore after the long hike but Derrick felt just fine; _ is energetic most of the time.,Logan was so sore after the long hike but Derrick felt just fine; _ is active most of the time.,_,_,13,13,Derrick,Logan,9,0,9,0,energetic,active,15,is,is,14,14
3-3ROUCZ907H8RHSMA7YR8Q7OM9WQOOG,"The pen could easily be hidden in between the crack of the box. Yes, the _ is that broad.","The pen could easily be hidden in between the crack of the box. Yes, the _ is that wide.",_,_,15,15,crack,pen,9,1,9,1,broad,wide,18,is,is,16,16
3-3Z8UJEJOC1RZOGPIMBOY5EVLHVF393,James can clearly see the bottom of the swimming pool which is unlike his water tank beside it. The _ is filthy.,James can clearly see the bottom of the swimming pool which is unlike his water tank beside it. The _ is dirty.,_,_,19,19,tank,pool,15,9,15,9,filthy,dirty,21,is,is,20,20
3-32TMVRKDGPCKS7PCHXN3FNSHCWC844,"The jewelry Kayla wore made quite an impression on Rachel because, usually, _ is extra stylish.","The jewelry Kayla wore made quite an impression on Rachel because, usually, _ is more stylish.",_,_,12,12,Rachel,Kayla,9,2,9,2,extra,more,14,is,is,13,13
3-3M7OI89LVYMLP8KWXZKNM9K59J7C63,He thinks the sculpture he bought is so much better as art than the painting I bought just because the _ was inexpensive.,He thinks the sculpture he bought is so much better as art than the painting I bought just because the _ was cheap.,_,_,20,20,painting,sculpture,14,3,14,3,inexpensive,cheap,22,was,was,21,21
3-36U4VBVNQQRPRAYNVCKLJ8LF0ZOURI,Callie went on a liquid diet through a tube but was in pain because the _ is aching.,Callie went on a liquid diet through a tube but was in pain because the _ is painful.,_,_,15,15,tube,diet,8,5,8,5,aching,painful,17,is,is,16,16
3-3NI0WFPPIBUGP5ON5H33J66DQTH60K,The boat started to sink when James added more luggage into it. The _ was massive.,The boat started to sink when James added more luggage into it. The _ was heavy.,_,_,13,13,luggage,boat,9,1,9,1,massive,heavy,15,was,was,14,14
3-3L7SUC0TTW8IE89FSXAK823YENM0MY,Jim's bag was roughed after washing it with a brush because the _ was too firm.,Jim's bag was roughed after washing it with a brush because the _ was too hard.,_,_,12,12,brush,bag,9,1,9,1,firm,hard,15,was,was,13,13
3-39N6W9XWRDL0P4A754BYVRPD17SYG2,Fishing is a hobby that suits Sarah more than Lindsey because _ is sympathetic to all animals.,Fishing is a hobby that suits Sarah more than Lindsey because _ is an animal rights activist.,_,_,11,11,Lindsey,Sarah,9,6,9,6,sympathetic to all animals,an animal rights activist,13,is,is,12,12
3-3CZH926SIES118Z3U0937XO2MSRE49,James needed a bigger box to collect the silver coin he exchanged for the gold bar because the _ was tiny.,James needed a bigger box to collect the silver coin he exchanged for the gold bar because the _ was smaller.,_,_,18,18,gold bar,silver coin,14,8,14,8,tiny,smaller,20,was,was,19,19
3-3FDWKV9VCN0J05MO66C45B3X13PUM0,The hard mattress on the bed was comfortable for Randy but not Michael because _ happens to prefer flexible support.,The hard mattress on the bed was comfortable for Randy but not Michael because _ happens to prefer soft support.,_,_,14,14,Michael,Randy,12,9,12,9,flexible,soft,18,happens,happens,15,15
3-33BFF6QPI3PA0C2QFMYQJY3XGAMW33,James cannot put his signature in between the box provided because the _ is tight.,James cannot put his signature in between the box provided because the _ is narrow.,_,_,12,12,box,signature,8,4,8,4,tight,narrow,14,is,is,13,13
3-341H3G5YF2SIDF8Y7M0EG4Z7TSGZ0S,Natalie was hired to install a new wall for Monica because _ is the boss.,Natalie was hired to install a new wall for Monica because _ is the employer.,_,_,11,11,Monica,Natalie,9,0,9,0,boss,employer,14,is,is,12,12
3-3OPLMF3EU5LMZXKU9TZ3R3WETYMLN5,Rebecca wears her hair in a ponytail but Victoria does not because _ has pixie hair.,Rebecca wears her hair in a ponytail but Victoria does not because _ has short hair.,_,_,12,12,Victoria,Rebecca,8,0,8,0,pixie,short,14,has,has,13,13
3-3W5PY7V3URLPAVZFX881K251M7JJYT,Erin has to watch everything that she eats unlike Cynthia because _ is never expecting a baby.,Erin has to watch everything that she eats unlike Cynthia because _ is not expecting a baby.,_,_,11,11,Cynthia,Erin,9,0,9,0,never,not,13,is,is,12,12
3-31HLTCK4BN9YFZE9KR0EGQ9SE8IGVJ,"Jessica injured her foot and Samantha injured her arm, so _ walks with little difficulty.","Jessica injured her foot and Samantha injured her arm, so _ walks with perfect balance.",_,_,10,10,Samantha,Jessica,5,0,5,0,little difficulty,perfect balance,13,walks,walks,11,11
3-3OB6JN3A9QNRKDU72CHZ00GDZM7RMK,Elena told Katrina to cut the circuits to the bomb before it explodes because _ was near the bomb.,Elena told Katrina to cut the circuits to the bomb before it explodes because _ was closer to it.,_,_,14,14,Katrina,Elena,2,0,2,0,near the bomb,closer to it,16,was,was,15,15
3-301KG0KX9EZ3I4BIGNYLZLOHUUO2HI,The bottle spent the whole day to get cold in the refrigerator because the _ is tiny.,The bottle spent the whole day to get cold in the refrigerator because the _ is small.,_,_,14,14,refrigerator,bottle,11,1,11,1,tiny,small,16,is,is,15,15
3-3OPLMF3EU5LMZXKU9TZ3R3WET0XLNK,Victoria likes to keep their front door locked shut but Lindsey does not because _ lives in a secure neighbourhood.,Victoria likes to keep their front door locked shut but Lindsey does not because _ lives in a safe neighbourhood.,_,_,14,14,Lindsey,Victoria,10,0,10,0,secure,safe,18,lives,lives,15,15
3-3THR0FZ95PR4HIK6A8ZG6SWJJDILOL,Craig has to read a lot more contracts than Christopher because _ works at a fitness center.,Craig has to read a lot more contracts than Christopher because _ works at a sports gym.,_,_,11,11,Christopher,Craig,9,0,9,0,fitness center,sports gym,15,works,works,12,12
3-3MDWE879UH0PXMUOH6R4VZ5PHZQ9BF,I like using a sea salt cube instead of a table salt shaker as the _ has smoother crystals.,I like using a sea salt cube instead of a table salt shaker as the _ has finer crystals.,_,_,15,15,table salt shaker,sea salt cube,10,4,10,4,smoother,finer,17,has,has,16,16
3-37AQKJ12TZ2N7CWQZWZ6ER0V51VTTA,Lindsey's breath blew the dust off the wall and it got into Brian's eye. The _ is lightweight.,Lindsey's breath blew the dust off the wall and it got into Brian's eye. The _ is light.,_,_,15,15,dust,breath,4,1,4,1,lightweight,light,17,is,is,16,16
3-39TX062QX1MAVN895TICTJTVVVW3XU,Leslie loves cooking and eating jackfruit tacos more than Kenneth because _ is a meat-eater.,Leslie loves cooking and eating jackfruit tacos more than Kenneth because _ is carnivorous.,_,_,11,11,Kenneth,Leslie,9,0,9,0,a meat-eater,carnivorous,13,is,is,12,12
3-39TX062QX32PPC7GPRUCLHH4PV53XI,The red candle burnt very fast under the flame because the _ was very large.,The red candle burnt very fast under the flame because the _ was very high.,_,_,11,11,flame,candle,8,2,8,2,large,high,14,was,was,12,12
3-3WRAAIUSBLDP9X61Y69M8PVAWI7AXM,James was able to get more slices from the cakes than expected. The _ were huge.,James was able to get more slices from the cakes than expected. The _ were big.,_,_,13,13,cakes,slices,9,6,9,6,huge,big,15,were,were,14,14
3-36D1BWBEHPFPAICT7KEYRQWEDQVM27,The bike got broken when James rode it with a load on it. The _ was massive.,The bike got broken when James rode it with a load on it. The _ was heavy.,_,_,14,14,load,bike,10,1,10,1,massive,heavy,16,was,was,15,15
3-3ZXNP4Z39RJXWCS7TMIEV6AOTK1L7G,Katrina uses a cleansing product every day to make her skin clean but Sarah does not; _ is probably less sanitary.,Katrina uses a cleansing product every day to make her skin clean but Sarah does not; _ is scruffy.,_,_,16,16,Sarah,Katrina,13,0,13,0,probably less sanitary,scruffy,18,is,is,17,17
3-3PA41K45VN2NNX75LEBLCNJ8YW87PA,"Ryan has many tattoos on his body, while Aaron has none because _ is a child actor.","Ryan has many tattoos on his body, while Aaron has none because _ is scared of needles.",_,_,12,12,Aaron,Ryan,8,0,8,0,a child actor,scared of needles,14,is,is,13,13
3-34OWYT6U3YVEEJ717EVL9KXB1RZ9IR,The dog was crying with the collar hurting its neck because the _ is large.,The dog was crying with the collar hurting its neck because the _ is big.,_,_,12,12,neck,collar,9,6,9,6,large,big,14,is,is,13,13
3-3IVKZBIBJ2NWN3SGA2DRQ31MT28SHR,My friend wants to see the new romance movie but I want to see the action movie because the _ has great reviews.,My friend wants to see the new romance movie but I want to see the action movie because the _ has good reviews.,_,_,19,19,action movie,romance movie,15,7,15,7,great,good,21,has,has,20,20
3-306996CF6WI78HRTDTCBGTN6E6TB1W,Amy bought a new storage bin from Monica at the hardware store because _ is a store staff.,Amy bought a new storage bin from Monica at the hardware store because _ is a store owner.,_,_,13,13,Monica,Amy,7,0,7,0,store staff,store owner,16,is,is,14,14
3-3T2EL38U0OYHWDDIN268YPAFZ00QXF,Jane knew she would need more banana to feed the children unlike the pineapple that would have been enough. The _ was huge.,Jane knew she would need more banana to feed the children unlike the pineapple that would have been enough. The _ was big.,_,_,20,20,pineapple,banana,13,6,13,6,huge,big,22,was,was,21,21
3-3DZKABX2ZKJLYNY4I54VQZOCEWHCVO,The pan does not get hot fast enough when placed over the flame because the _ is too little.,The pan does not get hot fast enough when placed over the flame because the _ is too low.,_,_,15,15,flame,pan,12,1,12,1,little,low,18,is,is,16,16
3-31SIZS5W59DI5SSZU5OGH90I48ERQI,"SEO is work that Natalie sometimes performs, but Patricia never has, so _ is likely inexperienced with technology.","SEO is work that Natalie sometimes performs, but Patricia never has, so _ is likely inferior with technology.",_,_,12,12,Patricia,Natalie,8,4,8,4,inexperienced,inferior,15,is,is,13,13
3-3K3IX1W4S6P56Z53SHN5MELY4M0APV,The rod is better than the pipe for fitting in tight spaces because the _ is wider.,The rod is better than the pipe for fitting in tight spaces because the _ is thicker.,_,_,14,14,pipe,rod,6,1,6,1,wider,thicker,16,is,is,15,15
3-3D5G8J4N5CI2K40F4RZLF9OG2CKVTH,"Kyle doesn't wear leg warmers to bed, while Logan almost always does; _ is in a much cooler climate.","Kyle doesn't wear leg warmers to bed, while Logan almost always does; _ is in a colder climate.",_,_,12,12,Logan,Kyle,8,0,8,0,much cooler,colder,16,is,is,13,13
3-3XU80RHWH1UJ962A5UXQYBCCAAG44T,The goal was to let Erin win and not Katrina so that _ learns to remain modest.,The goal was to let Erin win and not Katrina so that _ learns to be humble.,_,_,12,12,Katrina,Erin,9,5,9,5,remain modest,be humble,15,learns,learns,13,13
3-3RIHDBQ1NGCTP8FBQ5H5EU2F0FSHM7,"In his lifetime, Brian will likely suffer from carpal tunnel, but Michael will not, so _ is not likely to work in an office.","In his lifetime, Brian will likely suffer from carpal tunnel, but Michael will not, so _ is less likely to work in an office.",_,_,15,15,Michael,Brian,11,3,11,3,not,less,17,is,is,16,16
3-3KQC8JMJGE6S3M71KNCQIVT908NH37,She was never able to use the lash curlers on her lashes because the _ were too fine.,She was never able to use the lash curlers on her lashes because the _ were too thin.,_,_,14,14,lashes,curlers,11,8,11,8,fine,thin,17,were,were,15,15
3-3FBEFUUYRMJCQIM5XJ0W8CIQYEG6AV,"Mike and friends practiced basketball out in the field instead of gym during rain, even though the _ was clean.","Mike and friends practiced basketball out in the field instead of gym during rain, even though the _ was dry.",_,_,17,17,gym,field,11,8,11,8,clean,dry,19,was,was,18,18
3-3GVPRXWRPJ8A00J8SHX1VO6453C7IF,"Donald is interested in girls, while Nick is attracted to boys, which means _ is homosexual.","Donald is interested in girls, while Nick is attracted to boys, which means _ is gay.",_,_,13,13,Nick,Donald,6,0,6,0,homosexual,gay,15,is,is,14,14
3-3O71U79SRD3IFHTR1ZT4I89IBLESM2,John cannot use the rake to clear the debris and they pass through the holes between the prong. The _ are broad.,John cannot use the rake to clear the debris and they pass through the holes between the prong. The _ are wide.,_,_,19,19,holes,debris,14,8,14,8,broad,wide,21,are,are,20,20
3-3RBI0I35XE1ZVSYJAP4ECX042I5Y3D,Neil requested that Christopher change the water in his fish tank in his room because _ was right there.,Neil requested that Christopher change the water in his fish tank in his room because _ was at home.,_,_,15,15,Christopher,Neil,3,0,3,0,right there,at home,17,was,was,16,16
3-30Z7M1Q8U0YZUW5TQYXUSQEH5EZ8AN,The case kept opening by itself because of the box kept in it because the _ was too big.,The case kept opening by itself because of the box kept in it because the _ was too large.,_,_,15,15,box,case,9,1,9,1,big,large,18,was,was,16,16
3-38Z7YZ2SB5GK6IONOG67VFN0CNPIQ1,John cared for the pot while it was being transported in the box but it eventually got broken. The _ was rigid.,John cared for the pot while it was being transported in the box but it eventually got broken. The _ was hard.,_,_,19,19,box,pot,12,4,12,4,rigid,hard,21,was,was,20,20
3-388CL5C1RL19JQXQQTGQEHNR14ULHS,Jeffrey's finger could not enter his nose when it itched because the _ is very tiny.,Jeffrey's finger could not enter his nose when it itched because the _ is very small.,_,_,12,12,nose,finger,6,1,6,1,tiny,small,15,is,is,13,13
3-3SMIWMMK63JUZ6F9U6UR67TXUPZWU9,Kayla fit into a size six shoe while Tanya did not because _ has big feet.,Kayla fit into a size six shoe while Tanya did not because _ has large feet.,_,_,12,12,Tanya,Kayla,8,0,8,0,big,large,14,has,has,13,13
3-3FW4EL5A3N2Z3E80X2VECHIG6LM223,"Jane could not hold her hair with the band without breaking it, so she used the ribbon because the _ is large.","Jane could not hold her hair with the band without breaking it, so she used the ribbon because the _ is big.",_,_,19,19,ribbon,band,16,8,16,8,large,big,21,is,is,20,20
3-3RDTX9JRTYZ2VARY4PFOQXJTYBP79L,Carrie had to bring an astringent face wash to the sleepover because Monica didn't have any; _ has a very clear skin.,Carrie had to bring an astringent face wash to the sleepover because Monica didn't have any; _ has a clear complexion.,_,_,16,16,Monica,Carrie,12,0,12,0,a very clear skin,a clear complexion,18,has,has,17,17
3-30F94FBDNRI8H132FCWLMZ616OLTBM,Benjamin accused Adam of taking the last jar of peanut butter because _ was starved.,Benjamin accused Adam of taking the last jar of peanut butter because _ was so hungry.,_,_,12,12,Adam,Benjamin,2,0,2,0,starved,so hungry,14,was,was,13,13
3-32TMVRKDGPCKS7PCHXN3FNSGBR648H,Robert has a much harder time managing the heat than Samuel; _ is from Mexico.,Robert has a much harder time managing the heat than Samuel; _ is from Hawaii.,_,_,11,11,Samuel,Robert,10,0,10,0,Mexico,Hawaii,14,is,is,12,12
3-35NNO802AVUK9WCOOQ2QZN4MCW3IN3,For the new job Tanya bought bamboo from Patricia at a fair price; _ works in a building material business.,For the new job Tanya bought bamboo from Patricia at a fair price; _ works in a building supply business.,_,_,13,13,Patricia,Tanya,8,4,8,4,material,supply,18,works,works,14,14
3-3TD33TP5DNGIWU30TAH4JS4HBATBAA,The rock thrown on the floor could no longer be found because the _ is broad.,The rock thrown on the floor could no longer be found because the _ is wide.,_,_,13,13,floor,rock,5,1,5,1,broad,wide,15,is,is,14,14
3-3D17ECOUOET25MNGY0X5YAPUQEG31X,Hunter is more emotionally fragile than Adam; _ is in a more wholesome relationship.,Hunter is more emotionally fragile than Adam; _ is in a much healthier relationship.,_,_,7,7,Adam,Hunter,6,0,6,0,a more wholesome,a much healthier,10,is,is,8,8
3-3TZ0XG8CBUI6VOWHEU7U4XFO4BY893,"Mary is staring off into nowhere, looking right through Carrie. _ has a puzzled look.","Mary is staring off into nowhere, looking right through Carrie. _ has a confused look.",_,_,10,10,Carrie,Mary,9,0,9,0,puzzled,confused,13,has,has,11,11
3-33W1NHWFYJZJTO5P5OOO0F1DSDWTZ5,Natalie wants to succeed in life while Kayla just doesn't care as much; _ has fewer goals in life.,Natalie wants to succeed in life while Kayla just doesn't care as much; _ has little goals in life.,_,_,13,13,Kayla,Natalie,7,0,7,0,fewer,little,15,has,has,14,14
3-3E24UO25QZOMYXHZN4TEH9EMTD26OX,Victoria likes to communicate with friends via their computer whereas Cynthia likes to communicate face to face because _ is social.,Victoria likes to communicate with friends via their computer whereas Cynthia likes to communicate face to face because _ is outgoing.,_,_,18,18,Cynthia,Victoria,10,0,10,0,social,outgoing,20,is,is,19,19
3-391JB9X4Z0MKRYGJWQK2RMI8TUUMKD,James finished the book during his flight home and he loved it. The _ was lengthy.,James finished the book during his flight home and he loved it. The _ was long.,_,_,13,13,flight,book,6,3,6,3,lengthy,long,15,was,was,14,14
3-0,"Mark told Pete many lies about himself, which Pete included in the book. _ has to be more critical.","Mark told Pete many lies about himself, which Pete included in the book. _ has to be more skeptical.",_,_,13,13,Pete,Mark,2,0,2,0,critical,skeptical,18,has,has,14,14
3-2,I poured water from the bottle into the cup until the _ was filled.,I poured water from the bottle into the cup until the _ was full.,_,_,11,11,cup,bottle,8,5,8,5,filled,full,13,was,was,12,12
3-3,Dan had to stop Bill from toying with the injured bird. _ is very ruthless.,Dan had to stop Bill from toying with the injured bird. _ is very cruel.,_,_,11,11,Bill,Dan,4,0,4,0,ruthless,cruel,14,is,is,12,12
3-7,"Sam took French classes from Adam, because _ was recognized to speak it fluently.","Sam took French classes from Adam, because _ was known to speak it fluently.",_,_,7,7,Adam,Sam,5,0,5,0,recognized,known,9,was,was,8,8
3-10,"The journalists interviewed the stars of the new movie. The _ were very supportive, so the interview lasted for a long time.","The journalists interviewed the stars of the new movie. The _ were very cooperative, so the interview lasted for a long time.",_,_,10,10,stars,journalists,4,1,4,1,supportive,cooperative,13,were,were,11,11
3-11,"In the storm, the tree fell down and crashed through the roof of my house. Now, the _ has to be fixed.","In the storm, the tree fell down and crashed through the roof of my house. Now, the _ has to be repaired.",_,_,17,17,roof,tree,11,4,11,4,fixed,repaired,21,has,has,18,18
3-12,"Beth is not angry with Sally even though she cut her off, because _ has stopped and said sorry immediately.","Beth is not angry with Sally even though she cut her off, because _ has stopped and apologized right away.",_,_,13,13,Sally,Beth,5,0,5,0,said sorry immediately,apologized right away,17,has,has,14,14
3-13,"The con artist has succeeded in fooling Sam, so _ has wasted a lot of money.","The con artist has succeeded in fooling Sam, so _ has lost a lot of money.",_,_,9,9,Sam,The con artist,7,0,7,0,wasted,lost,11,has,has,10,10
3-14,The fish ate the worm. The _ was really delicious.,The fish ate the worm. The _ was tasty.,_,_,6,6,worm,fish,4,1,4,1,really delicious,tasty,8,was,was,7,7
3-16,Joe paid the detective because _ has provided the final report on the case.,Joe paid the detective because _ has delivered the final report on the case.,_,_,5,5,the detective,Joe,2,0,2,0,provided,delivered,7,has,has,6,6
3-17,"As Andrea in the crop duster passed over Susan, _ was able to spot the landing wheels.","As Andrea in the crop duster passed over Susan, _ was able to spot the landing gear.",_,_,9,9,Susan,Andrea,8,1,8,1,wheels,gear,16,was,was,10,10
3-19,"The cat was lying by the mouse hole waiting for the mouse, but the _ was too careful.","The cat was lying by the mouse hole waiting for the mouse, but the _ was too cautious.",_,_,14,14,mouse,cat,11,1,11,1,careful,cautious,17,was,was,15,15
3-20,Bob collapsed on the sidewalk. Soon he saw Carl coming to help. _ was very worried.,Bob collapsed on the sidewalk. Soon he saw Carl coming to help. _ was very concerned.,_,_,12,12,Carl,Bob,8,0,8,0,worried,concerned,15,was,was,13,13
3-21,Susan knows all about Ann's personal problems because _ is always sharing private matters.,Susan knows all about Ann's personal problems because _ is indiscreet.,_,_,8,8,Ann,Susan,4,0,4,0,always sharing private matters,indiscreet,10,is,is,9,9
3-24,"Paul tried to call George on the phone, but _ was not accessible.","Paul tried to call George on the phone, but _ was not available.",_,_,9,9,George,Paul,4,0,4,0,accessible,available,12,was,was,10,10
3-25,The table won't fit through the doorway because the _ is too small.,The table won't fit through the doorway because the _ is too narrow.,_,_,9,9,doorway,table,6,1,6,1,small,narrow,12,is,is,10,10
3-27,Emma gives Ava a lift to school so _ doesn't have to stroll alone.,Emma gives Ava a lift to school so _ doesn't have to walk alone.,_,_,8,8,Ava,Emma,2,0,2,0,stroll,walk,12,doesn't,doesn't,9,9
3-28,Ann is asking Mary what time the library closes because _ has perfect memory.,Ann is asking Mary what time the library closes because _ has the schedule.,_,_,10,10,Mary,Ann,3,0,3,0,perfect memory,the schedule,12,has,has,11,11
3-32,Jade throws her schoolbag down to Emma after _ reaches the foot of the stairs.,Jade throws her schoolbag down to Emma after _ reaches the bottom of the stairs.,_,_,8,8,Emma,Jade,6,0,6,0,foot,bottom,11,reaches,reaches,9,9
3-36,"George got free tickets to the play, but he gave them to Eric because _ was very eager to see it.","George got free tickets to the play, but he gave them to Eric because _ was particularly eager to see it.",_,_,14,14,Eric,George,12,0,12,0,very,particularly,16,was,was,15,15
3-38,The sculpture rolled off the shelf because the _ wasn't even.,The sculpture rolled off the shelf because the _ wasn't level.,_,_,8,8,shelf,sculpture,5,1,5,1,even,level,10,wasn't,wasn't,9,9
3-39,"The sack of potatoes is placed above the bag of flour, so the _ has to be moved later.","The sack of potatoes is placed above the bag of flour, so the _ has to be moved last.",_,_,13,13,bag,sack,8,1,8,1,later,last,18,has,has,14,14
3-43,"Alice is looking for Jade in the crowd. Since _ has an exceptionally large hat, Alice will spot her quickly.","Alice is looking for Jade in the crowd. Since _ has a unique hairstyle, Alice will spot her quickly.",_,_,9,9,Jade,Alice,4,0,4,0,an exceptionally large hat,a unique hairstyle,11,has,has,10,10
3-44,"Fred and Alice had very warm down coats, but _ were not sufficient for the cold in Alaska.","Fred and Alice had very warm down coats, but _ were not enough for the cold in Alaska.",_,_,9,9,coats,Fred and Alice,7,0,7,0,sufficient,enough,12,were,were,10,10
3-46,Ellie follows Jane's examples in everything. _ has impacted her hugely.,Ellie follows Jane's examples in everything. _ has influenced her hugely.,_,_,6,6,Jane,Ellie,2,0,2,0,impacted,influenced,8,has,has,7,7
3-48,"The dog chased the cat, which ran up a tree. The _ is waiting at the summit.","The dog chased the cat, which ran up a tree. The _ is waiting at the top.",_,_,11,11,cat,dog,4,1,4,1,summit,top,16,is,is,12,12
3-50,"Ava was greatly influenced by the author of the book, though _ was from two centuries before.","Ava was greatly influenced by the author of the book, though _ was from two centuries earlier.",_,_,11,11,the author,Ava,5,0,5,0,before,earlier,16,was,was,12,12
3-53,The large ball crashed right through the table because the _ was made of plastic.,The large ball crashed right through the table because the _ was made of glass.,_,_,10,10,table,ball,7,2,7,2,plastic,glass,14,was,was,11,11
3-54,"The path to the lake was blocked, so the _ was unreachable.","The path to the lake was blocked, so the _ was out of reach.",_,_,9,9,lake,path,4,1,4,1,unreachable,out of reach,11,was,was,10,10
3-55,Joan gave candies to Jane because _ was starved.,Joan gave candies to Jane because _ was very hungry.,_,_,6,6,Jane,Joan,4,0,4,0,starved,very hungry,8,was,was,7,7
3-59,"Bob paid for Charlie's college education, but now Charlie acts as though it never happened. _ is impolite.","Bob paid for Charlie's college education, but now Charlie acts as though it never happened. _ is ungracious.",_,_,15,15,Charlie,Bob,3,0,3,0,impolite,ungracious,17,is,is,16,16
3-61,"Fred is the only man alive who still remembers my father as an infant. When Fred first saw my father, _ was twelve days old.","Fred is the only man alive who still remembers my father as an infant. When Fred first saw my father, _ was twelve months old.",_,_,20,20,my father,Fred,9,0,9,0,twelve days,twelve months,22,was,was,21,21
3-63,"Jane knocked on Susan's door, but there was no answer. _ was away.","Jane knocked on Susan's door, but there was no answer. _ was out.",_,_,10,10,Susan,Jane,3,0,3,0,away,out,12,was,was,11,11
3-64,The foxes are getting in at night and attacking the chickens. The _ have gotten very scared.,The foxes are getting in at night and attacking the chickens. The _ have gotten very nervous.,_,_,12,12,chickens,foxes,10,1,10,1,scared,nervous,16,have,have,13,13
3-69,Pete envies Martin because _ is very accomplished.,Pete envies Martin because _ is very successful.,_,_,4,4,Martin,Pete,2,0,2,0,accomplished,successful,7,is,is,5,5
3-73,"John ordered Bill to leave, so an hour later _ was missing.","John ordered Bill to leave, so an hour later _ was gone.",_,_,9,9,Bill,John,2,0,2,0,missing,gone,11,was,was,10,10
3-74,The firefighters arrived before the police because the _ were coming from a farther station.,The firefighters arrived before the police because the _ were coming from a distant station.,_,_,8,8,police,firefighters,5,1,5,1,farther,distant,13,were,were,9,9
3-77,Jim comforted Kevin because _ was so sad.,Jim comforted Kevin because _ was so upset.,_,_,4,4,Kevin,Jim,2,0,2,0,sad,upset,7,was,was,5,5