pair_id,sent_1,sent_2,split_sent_1,split_sent_2,pron_1,pron_2,pron_word_id_1,pron_word_id_2,choice_correct_1,choice_incorrect_1,choice_word_id_correct_1,choice_word_id_incorrect_1,choice_correct_2,choice_incorrect_2,choice_word_id_correct_2,choice_word_id_incorrect_2,context_1,context_word_id_1,context_2,context_word_id_2
0,"Mark told Pete many lies about himself, which Pete included in his book. He should have been more skeptical.","Mark told Pete many lies about himself, which Pete included in his book. He should have been more truthful.","['Mark', 'told', 'Pete', 'many', 'lies', 'about', 'himself,', 'which', 'Pete', 'included', 'in', 'his', 'book.', 'He', 'should', 'have', 'been', 'more', 'skeptical.']","['Mark', 'told', 'Pete', 'many', 'lies', 'about', 'himself,', 'which', 'Pete', 'included', 'in', 'his', 'book.', 'He', 'should', 'have', 'been', 'more', 'truthful.']",He,He,13,13,Pete,Mark,2,0,Mark,Pete,0,2,skeptical,18,truthful,18
2,I poured water from the bottle into the cup until it was full.,I poured water from the bottle into the cup until it was empty.,"['I', 'poured', 'water', 'from', 'the', 'bottle', 'into', 'the', 'cup', 'until', 'it', 'was', 'full.']","['I', 'poured', 'water', 'from', 'the', 'bottle', 'into', 'the', 'cup', 'until', 'it', 'was', 'empty.']",it,it,10,10,the cup,the bottle,7,4,the bottle,the cup,4,7,full,12,empty,12
3,Dan had to stop Bill from toying with the injured bird. He is very compassionate.,Dan had to stop Bill from toying with the injured bird. He is very cruel.,"['Dan', 'had', 'to', 'stop', 'Bill', 'from', 'toying', 'with', 'the', 'injured', 'bird.', 'He', 'is', 'very', 'compassionate.']","['Dan', 'had', 'to', 'stop', 'Bill', 'from', 'toying', 'with', 'the', 'injured', 'bird.', 'He', 'is', 'very', 'cruel.']",He,He,11,11,Dan,Bill,0,4,Bill,Dan,4,0,compassionate,14,cruel,14
4,Sam Goodman's biography of the Spartan general Xenophanes conveys a vivid sense of the difficulties he faced in his childhood.,Sam Goodman's biography of the Spartan general Xenophanes conveys a vivid sense of the difficulties he faced in his research.,"['Sam', ""Goodman's"", 'biography', 'of', 'the', 'Spartan', 'general', 'Xenophanes', 'conveys', 'a', 'vivid', 'sense', 'of', 'the', 'difficulties', 'he', 'faced', 'in', 'his', 'childhood.']","['Sam', ""Goodman's"", 'biography', 'of', 'the', 'Spartan', 'general', 'Xenophanes', 'conveys', 'a', 'vivid', 'sense', 'of', 'the', 'difficulties', 'he', 'faced', 'in', 'his', 'research.']",he,he,15,15,Xenophanes,Goodman,7,1,Goodman,Xenophanes,1,7,childhood,19,research,19
5,Billy cried because Toby wouldn't share his toy.,Billy cried because Toby wouldn't accept his toy.,"['Billy', 'cried', 'because', 'Toby', ""wouldn't"", 'share', 'his', 'toy.']","['Billy', 'cried', 'because', 'Toby', ""wouldn't"", 'accept', 'his', 'toy.']",his,his,6,6,Toby,Billy,3,0,Billy,Toby,0,3,share,5,accept,5
6,Emma did not pass the ball to Janie although she was open.,Emma did not pass the ball to Janie although she saw that she was open.,"['Emma', 'did', 'not', 'pass', 'the', 'ball', 'to', 'Janie', 'although', 'she', 'was', 'open.']","['Emma', 'did', 'not', 'pass', 'the', 'ball', 'to', 'Janie', 'although', 'she', 'saw', 'that', 'she', 'was', 'open.']",she,she,9,9,Janie,Emma,7,0,Emma,Janie,0,7,was open,10,saw that she was open,10
7,"Sam took French classes from Adam, because he was eager to speak it fluently.","Sam took French classes from Adam, because he was known to speak it fluently.","['Sam', 'took', 'French', 'classes', 'from', 'Adam,', 'because', 'he', 'was', 'eager', 'to', 'speak', 'it', 'fluently.']","['Sam', 'took', 'French', 'classes', 'from', 'Adam,', 'because', 'he', 'was', 'known', 'to', 'speak', 'it', 'fluently.']",he,he,7,7,Sam,Adam,0,5,Adam,Sam,5,0,eager,9,known,9
8,The city councilmen refused the demonstrators a permit because they advocated violence.,The city councilmen refused the demonstrators a permit because they feared violence.,"['The', 'city', 'councilmen', 'refused', 'the', 'demonstrators', 'a', 'permit', 'because', 'they', 'advocated', 'violence.']","['The', 'city', 'councilmen', 'refused', 'the', 'demonstrators', 'a', 'permit', 'because', 'they', 'feared', 'violence.']",they,they,9,9,The demonstrators,The city councilmen,4,0,The city councilmen,The demonstrators,0,4,advocated,10,feared,10
9,"When Tommy dropped his ice cream, Timmy giggled, so father gave him a sympathetic look.","When Tommy dropped his ice cream, Timmy giggled, so father gave him a stern look.","['When', 'Tommy', 'dropped', 'his', 'ice', 'cream,', 'Timmy', 'giggled,', 'so', 'father', 'gave', 'him', 'a', 'sympathetic', 'look.']","['When', 'Tommy', 'dropped', 'his', 'ice', 'cream,', 'Timmy', 'giggled,', 'so', 'father', 'gave', 'him', 'a', 'stern', 'look.']",him,him,11,11,Tommy,Timmy,1,6,Timmy,Tommy,6,1,sympathetic,13,stern,13
10,"The journalists interviewed the stars of the new movie. They were very cooperative, so the interview lasted for a long time.","The journalists interviewed the stars of the new movie. They were very persistent, so the interview lasted for a long time.","['The', 'journalists', 'interviewed', 'the', 'stars', 'of', 'the', 'new', 'movie.', 'They', 'were', 'very', 'cooperative,', 'so', 'the', 'interview', 'lasted', 'for', 'a', 'long', 'time.']","['The', 'journalists', 'interviewed', 'the', 'stars', 'of', 'the', 'new', 'movie.', 'They', 'were', 'very', 'persistent,', 'so', 'the', 'interview', 'lasted', 'for', 'a', 'long', 'time.']",They,They,9,9,The stars,The journalists,3,0,The journalists,The stars,0,3,cooperative,12,persistent,12
11,"In the storm, the tree fell down and crashed through the roof of my house. Now, I have to get it repaired.","In the storm, the tree fell down and crashed through the roof of my house. Now, I have to get it removed.","['In', 'the', 'storm,', 'the', 'tree', 'fell', 'down', 'and', 'crashed', 'through', 'the', 'roof', 'of', 'my', 'house.', 'Now,', 'I', 'have', 'to', 'get', 'it', 'repaired.']","['In', 'the', 'storm,', 'the', 'tree', 'fell', 'down', 'and', 'crashed', 'through', 'the', 'roof', 'of', 'my', 'house.', 'Now,', 'I', 'have', 'to', 'get', 'it', 'removed.']",it,it,20,20,The roof,The tree,10,3,The tree,The roof,3,10,repaired,21,removed,21
12,"Beth didn't get angry with Sally, who had cut her off, because she stopped and counted to ten.","Beth didn't get angry with Sally, who had cut her off, because she stopped and apologized.","['Beth', ""didn't"", 'get', 'angry', 'with', 'Sally,', 'who', 'had', 'cut', 'her', 'off,', 'because', 'she', 'stopped', 'and', 'counted', 'to', 'ten.']","['Beth', ""didn't"", 'get', 'angry', 'with', 'Sally,', 'who', 'had', 'cut', 'her', 'off,', 'because', 'she', 'stopped', 'and', 'apologized.']",she,she,12,12,Beth,Sally,0,5,Sally,Beth,5,0,counted to ten,15,apologized,15
13,"If the con artist has succeeded in fooling Sam, he would have gotten a lot of money.","If the con artist has succeeded in fooling Sam, he would have lost a lot of money.","['If', 'the', 'con', 'artist', 'has', 'succeeded', 'in', 'fooling', 'Sam,', 'he', 'would', 'have', 'gotten', 'a', 'lot', 'of', 'money.']","['If', 'the', 'con', 'artist', 'has', 'succeeded', 'in', 'fooling', 'Sam,', 'he', 'would', 'have', 'lost', 'a', 'lot', 'of', 'money.']",he,he,9,9,The con artist,Sam,1,8,Sam,The con artist,8,1,gotten,12,lost,12
14,The fish ate the worm. It was tasty.,The fish ate the worm. It was hungry.,"['The', 'fish', 'ate', 'the', 'worm.', 'It', 'was', 'tasty.']","['The', 'fish', 'ate', 'the', 'worm.', 'It', 'was', 'hungry.']",It,It,5,5,The worm,The fish,3,0,The fish,The worm,0,3,tasty,7,hungry,7
15,"The actress used to be named Terpsichore, but she changed it to Tina a few years ago, because she figured it was easier to pronounce.","The actress used to be named Terpsichore, but she changed it to Tina a few years ago, because she figured it was too hard to pronounce.","['The', 'actress', 'used', 'to', 'be', 'named', 'Terpsichore,', 'but', 'she', 'changed', 'it', 'to', 'Tina', 'a', 'few', 'years', 'ago,', 'because', 'she', 'figured', 'it', 'was', 'easier', 'to', 'pronounce.']","['The', 'actress', 'used', 'to', 'be', 'named', 'Terpsichore,', 'but', 'she', 'changed', 'it', 'to', 'Tina', 'a', 'few', 'years', 'ago,', 'because', 'she', 'figured', 'it', 'was', 'too', 'hard', 'to', 'pronounce.']",it,it,20,20,Tina,Terpsichore,12,6,Terpsichore,Tina,6,12,easier,22,too hard,22
16,Joe paid the detective after he delivered the final report on the case.,Joe paid the detective after he received the final report on the case.,"['Joe', 'paid', 'the', 'detective', 'after', 'he', 'delivered', 'the', 'final', 'report', 'on', 'the', 'case.']","['Joe', 'paid', 'the', 'detective', 'after', 'he', 'received', 'the', 'final', 'report', 'on', 'the', 'case.']",he,he,5,5,the detective,Joe,2,0,Joe,the detective,0,2,delivered,6,received,6
17,"As Andrea in the crop duster passed over Susan, she could see the landing strip.","As Andrea in the crop duster passed over Susan, she could see the landing gear.","['As', 'Andrea', 'in', 'the', 'crop', 'duster', 'passed', 'over', 'Susan,', 'she', 'could', 'see', 'the', 'landing', 'strip.']","['As', 'Andrea', 'in', 'the', 'crop', 'duster', 'passed', 'over', 'Susan,', 'she', 'could', 'see', 'the', 'landing', 'gear.']",she,she,9,9,Andrea,Susan,1,8,Susan,Andrea,8,1,strip,14,gear,14
18,"Lily spoke to Donna, breaking her silence.","Lily spoke to Donna, breaking her concentration.","['Lily', 'spoke', 'to', 'Donna,', 'breaking', 'her', 'silence.']","['Lily', 'spoke', 'to', 'Donna,', 'breaking', 'her', 'concentration.']",her,her,5,5,Lily,Donna,0,3,Donna,Lily,3,0,silence,6,concentration,6
19,"The cat was lying by the mouse hole waiting for the mouse, but it was too cautious.","The cat was lying by the mouse hole waiting for the mouse, but it was too impatient.","['The', 'cat', 'was', 'lying', 'by', 'the', 'mouse', 'hole', 'waiting', 'for', 'the', 'mouse,', 'but', 'it', 'was', 'too', 'cautious.']","['The', 'cat', 'was', 'lying', 'by', 'the', 'mouse', 'hole', 'waiting', 'for', 'the', 'mouse,', 'but', 'it', 'was', 'too', 'impatient.']",it,it,13,13,The mouse,The cat,5,0,The cat,The mouse,0,5,cautious,16,impatient,16
20,Bob collapsed on the sidewalk. Soon he saw Carl coming to help. He was very concerned.,Bob collapsed on the sidewalk. Soon he saw Carl coming to help. He was very ill.,"['Bob', 'collapsed', 'on', 'the', 'sidewalk.', 'Soon', 'he', 'saw', 'Carl', 'coming', 'to', 'help.', 'He', 'was', 'very', 'concerned.']","['Bob', 'collapsed', 'on', 'the', 'sidewalk.', 'Soon', 'he', 'saw', 'Carl', 'coming', 'to', 'help.', 'He', 'was', 'very', 'ill.']",He,He,12,12,Carl,Bob,8,0,Bob,Carl,0,8,concerned,15,ill,15
21,Susan knows all about Ann's personal problems because she is nosy.,Susan knows all about Ann's personal problems because she is indiscreet.,"['Susan', 'knows', 'all', 'about', ""Ann's"", 'personal', 'problems', 'because', 'she', 'is', 'nosy.']","['Susan', 'knows', 'all', 'about', ""Ann's"", 'personal', 'problems', 'because', 'she', 'is', 'indiscreet.']",she,she,8,8,Susan,Ann,0,4,Ann,Susan,4,0,nosy,10,indiscreet,10
22,"Jane knocked on the door, and Susan answered it. She invited her to come out.","Jane knocked on the door, and Susan answered it. She invited her to come in.","['Jane', 'knocked', 'on', 'the', 'door,', 'and', 'Susan', 'answered', 'it.', 'She', 'invited', 'her', 'to', 'come', 'out.']","['Jane', 'knocked', 'on', 'the', 'door,', 'and', 'Susan', 'answered', 'it.', 'She', 'invited', 'her', 'to', 'come', 'in.']",She,She,9,9,Jane,Susan,0,6,Susan,Jane,6,0,out,14,in,14
23,"As Ollie carried Tommy up the long winding steps, his legs ached.","As Ollie carried Tommy up the long winding steps, his legs dangled.","['As', 'Ollie', 'carried', 'Tommy', 'up', 'the', 'long', 'winding', 'steps,', 'his', 'legs', 'ached.']","['As', 'Ollie', 'carried', 'Tommy', 'up', 'the', 'long', 'winding', 'steps,', 'his', 'legs', 'dangled.']",his,his,9,9,Ollie,Tommy,1,3,Tommy,Ollie,3,1,ached,11,dangled,11
24,"Paul tried to call George on the phone, but he wasn't available.","Paul tried to call George on the phone, but he wasn't successful.","['Paul', 'tried', 'to', 'call', 'George', 'on', 'the', 'phone,', 'but', 'he', ""wasn't"", 'available.']","['Paul', 'tried', 'to', 'call', 'George', 'on', 'the', 'phone,', 'but', 'he', ""wasn't"", 'successful.']",he,he,9,9,George,Paul,4,0,Paul,George,0,4,available,11,successful,11
25,The table won't fit through the doorway because it is too wide.,The table won't fit through the doorway because it is too narrow.,"['The', 'table', ""won't"", 'fit', 'through', 'the', 'doorway', 'because', 'it', 'is', 'too', 'wide.']","['The', 'table', ""won't"", 'fit', 'through', 'the', 'doorway', 'because', 'it', 'is', 'too', 'narrow.']",it,it,8,8,The table,The doorway,0,5,The doorway,The table,5,0,wide,11,narrow,11
26,Bill passed the gameboy to John because his turn was next.,Bill passed the gameboy to John because his turn was over.,"['Bill', 'passed', 'the', 'gameboy', 'to', 'John', 'because', 'his', 'turn', 'was', 'next.']","['Bill', 'passed', 'the', 'gameboy', 'to', 'John', 'because', 'his', 'turn', 'was', 'over.']",his,his,7,7,John,Bill,5,0,Bill,John,0,5,next,10,over,10
27,Tom gave Ralph a lift to school so he wouldn't have to drive alone.,Tom gave Ralph a lift to school so he wouldn't have to walk.,"['Tom', 'gave', 'Ralph', 'a', 'lift', 'to', 'school', 'so', 'he', ""wouldn't"", 'have', 'to', 'drive', 'alone.']","['Tom', 'gave', 'Ralph', 'a', 'lift', 'to', 'school', 'so', 'he', ""wouldn't"", 'have', 'to', 'walk.']",he,he,8,8,Tom,Ralph,0,2,Ralph,Tom,2,0,drive alone,12,walk,12
28,"Ann asked Mary what time the library closes, because she had forgotten.","Ann asked Mary what time the library closes, but she had forgotten.","['Ann', 'asked', 'Mary', 'what', 'time', 'the', 'library', 'closes,', 'because', 'she', 'had', 'forgotten.']","['Ann', 'asked', 'Mary', 'what', 'time', 'the', 'library', 'closes,', 'but', 'she', 'had', 'forgotten.']",she,she,9,9,Ann,Mary,0,2,Mary,Ann,2,0,because,8,but,8
29,"Bob was playing cards with Adam and was way ahead. If Adam hadn't had a sudden run of good luck, he would have won.","Bob was playing cards with Adam and was way ahead. If Adam hadn't had a sudden run of good luck, he would have lost.","['Bob', 'was', 'playing', 'cards', 'with', 'Adam', 'and', 'was', 'way', 'ahead.', 'If', 'Adam', ""hadn't"", 'had', 'a', 'sudden', 'run', 'of', 'good', 'luck,', 'he', 'would', 'have', 'won.']","['Bob', 'was', 'playing', 'cards', 'with', 'Adam', 'and', 'was', 'way', 'ahead.', 'If', 'Adam', ""hadn't"", 'had', 'a', 'sudden', 'run', 'of', 'good', 'luck,', 'he', 'would', 'have', 'lost.']",he,he,20,20,Bob,Adam,0,5,Adam,Bob,5,0,won,23,lost,23
30,James asked Robert for a favor but he refused.,James asked Robert for a favor but he was refused.,"['James', 'asked', 'Robert', 'for', 'a', 'favor', 'but', 'he', 'refused.']","['James', 'asked', 'Robert', 'for', 'a', 'favor', 'but', 'he', 'was', 'refused.']",he,he,7,7,Robert,James,2,0,James,Robert,0,2,refused,8,was refused,8
31,Kirilov ceded the presidency to Shatov because he was more popular.,Kirilov ceded the presidency to Shatov because he was less popular.,"['Kirilov', 'ceded', 'the', 'presidency', 'to', 'Shatov', 'because', 'he', 'was', 'more', 'popular.']","['Kirilov', 'ceded', 'the', 'presidency', 'to', 'Shatov', 'because', 'he', 'was', 'less', 'popular.']",he,he,7,7,Shatov,Kirilov,5,0,Kirilov,Shatov,0,5,more,9,less,9
32,Tom threw his schoolbag down to Ray after he reached the top of the stairs.,Tom threw his schoolbag down to Ray after he reached the bottom of the stairs.,"['Tom', 'threw', 'his', 'schoolbag', 'down', 'to', 'Ray', 'after', 'he', 'reached', 'the', 'top', 'of', 'the', 'stairs.']","['Tom', 'threw', 'his', 'schoolbag', 'down', 'to', 'Ray', 'after', 'he', 'reached', 'the', 'bottom', 'of', 'the', 'stairs.']",he,he,8,8,Tom,Ray,0,6,Ray,Tom,6,0,top,11,bottom,11
33,Thomson visited Cooper's grave in 1765. At that date he had been travelling for five years.,Thomson visited Cooper's grave in 1765. At that date he had been dead for five years.,"['Thomson', 'visited', ""Cooper's"", 'grave', 'in', '1765.', 'At', 'that', 'date', 'he', 'had', 'been', 'travelling', 'for', 'five', 'years.']","['Thomson', 'visited', ""Cooper's"", 'grave', 'in', '1765.', 'At', 'that', 'date', 'he', 'had', 'been', 'dead', 'for', 'five', 'years.']",he,he,9,9,Thomson,Cooper,0,2,Cooper,Thomson,2,0,travelling,12,dead,12
34,"During a game of tag, Ethan chased Luke because he was ""it"".","During a game of tag, Ethan ran from Luke because he was ""it"".","['During', 'a', 'game', 'of', 'tag,', 'Ethan', 'chased', 'Luke', 'because', 'he', 'was', '""it"".']","['During', 'a', 'game', 'of', 'tag,', 'Ethan', 'ran', 'from', 'Luke', 'because', 'he', 'was', '""it"".']",he,he,9,10,Ethan,Luke,5,7,Luke,Ethan,8,5,chased,6,ran from,6
36,"George got free tickets to the play, but he gave them to Eric, because he was particularly eager to see it.","George got free tickets to the play, but he gave them to Eric, even though he was particularly eager to see it.","['George', 'got', 'free', 'tickets', 'to', 'the', 'play,', 'but', 'he', 'gave', 'them', 'to', 'Eric,', 'because', 'he', 'was', 'particularly', 'eager', 'to', 'see', 'it.']","['George', 'got', 'free', 'tickets', 'to', 'the', 'play,', 'but', 'he', 'gave', 'them', 'to', 'Eric,', 'even', 'though', 'he', 'was', 'particularly', 'eager', 'to', 'see', 'it.']",he,he,14,15,Eric,George,12,0,George,Eric,0,12,because,13,even though,13
37,Dr. Adams informed Kate that she had cancer and presented several options for future treatment.,Dr. Adams informed Kate that she had retired and presented several options for future treatment.,"['Dr.', 'Adams', 'informed', 'Kate', 'that', 'she', 'had', 'cancer', 'and', 'presented', 'several', 'options', 'for', 'future', 'treatment.']","['Dr.', 'Adams', 'informed', 'Kate', 'that', 'she', 'had', 'retired', 'and', 'presented', 'several', 'options', 'for', 'future', 'treatment.']",she,she,5,5,Kate,Dr. Adams,3,0,Dr. Adams,Kate,0,3,cancer,7,retired,7
38,The sculpture rolled off the shelf because it wasn't level.,The sculpture rolled off the shelf because it wasn't anchored.,"['The', 'sculpture', 'rolled', 'off', 'the', 'shelf', 'because', 'it', ""wasn't"", 'level.']","['The', 'sculpture', 'rolled', 'off', 'the', 'shelf', 'because', 'it', ""wasn't"", 'anchored.']",it,it,7,7,The shelf,The sculpture,4,0,The sculpture,The shelf,0,4,level,9,anchored,9
39,"The sack of potatoes had been placed above the bag of flour, so it had to be moved first.","The sack of potatoes had been placed below the bag of flour, so it had to be moved first.","['The', 'sack', 'of', 'potatoes', 'had', 'been', 'placed', 'above', 'the', 'bag', 'of', 'flour,', 'so', 'it', 'had', 'to', 'be', 'moved', 'first.']","['The', 'sack', 'of', 'potatoes', 'had', 'been', 'placed', 'below', 'the', 'bag', 'of', 'flour,', 'so', 'it', 'had', 'to', 'be', 'moved', 'first.']",it,it,13,13,The sack of potatoes,The bag of flour,0,8,The bag of flour,The sack of potatoes,8,0,above,7,below,7
40,"We went to the lake, because a shark had been seen at the ocean beach, so it was a safer place to swim.","We went to the lake, because a shark had been seen at the ocean beach, so it was a dangerous place to swim.","['We', 'went', 'to', 'the', 'lake,', 'because', 'a', 'shark', 'had', 'been', 'seen', 'at', 'the', 'ocean', 'beach,', 'so', 'it', 'was', 'a', 'safer', 'place', 'to', 'swim.']","['We', 'went', 'to', 'the', 'lake,', 'because', 'a', 'shark', 'had', 'been', 'seen', 'at', 'the', 'ocean', 'beach,', 'so', 'it', 'was', 'a', 'dangerous', 'place', 'to', 'swim.']",it,it,16,16,The lake,The ocean beach,3,12,The ocean beach,The lake,12,3,safer,19,dangerous,19
42,"Susan knew that Ann's son had been in a car accident, because she told her about it.","Susan knew that Ann's son had been in a car accident, so she told her about it.","['Susan', 'knew', 'that', ""Ann's"", 'son', 'had', 'been', 'in', 'a', 'car', 'accident,', 'because', 'she', 'told', 'her', 'about', 'it.']","['Susan', 'knew', 'that', ""Ann's"", 'son', 'had', 'been', 'in', 'a', 'car', 'accident,', 'so', 'she', 'told', 'her', 'about', 'it.']",she,she,12,12,Ann,Susan,3,0,Susan,Ann,0,3,because,11,so,11
43,"Alice looked for her friend Jade in the crowd. Since she always has good luck, Alice spotted her quickly.","Alice looked for her friend Jade in the crowd. Since she always wears a red turban, Alice spotted her quickly.","['Alice', 'looked', 'for', 'her', 'friend', 'Jade', 'in', 'the', 'crowd.', 'Since', 'she', 'always', 'has', 'good', 'luck,', 'Alice', 'spotted', 'her', 'quickly.']","['Alice', 'looked', 'for', 'her', 'friend', 'Jade', 'in', 'the', 'crowd.', 'Since', 'she', 'always', 'wears', 'a', 'red', 'turban,', 'Alice', 'spotted', 'her', 'quickly.']",she,she,10,10,Alice,Jade,0,5,Jade,Alice,5,0,has good luck,12,wears a red turban,12
44,"Fred and Alice had very warm down coats, but they were not enough for the cold in Alaska.","Fred and Alice had very warm down coats, but they were not prepared for the cold in Alaska.","['Fred', 'and', 'Alice', 'had', 'very', 'warm', 'down', 'coats,', 'but', 'they', 'were', 'not', 'enough', 'for', 'the', 'cold', 'in', 'Alaska.']","['Fred', 'and', 'Alice', 'had', 'very', 'warm', 'down', 'coats,', 'but', 'they', 'were', 'not', 'prepared', 'for', 'the', 'cold', 'in', 'Alaska.']",they,they,9,9,coats,Fred and Alice,7,0,Fred and Alice,coats,0,7,enough,12,prepared,12
46,Steve follows Fred's example in everything. He influences him hugely.,Steve follows Fred's example in everything. He admires him hugely.,"['Steve', 'follows', ""Fred's"", 'example', 'in', 'everything.', 'He', 'influences', 'him', 'hugely.']","['Steve', 'follows', ""Fred's"", 'example', 'in', 'everything.', 'He', 'admires', 'him', 'hugely.']",He,He,6,6,Fred,Steve,2,0,Steve,Fred,0,2,influences,7,admires,7
47,"Adam can't leave work here until Bob arrives to replace him. If Bob had left home for work on time, he would be gone by this time.","Adam can't leave work here until Bob arrives to replace him. If Bob had left home for work on time, he would be here by this time.","['Adam', ""can't"", 'leave', 'work', 'here', 'until', 'Bob', 'arrives', 'to', 'replace', 'him.', 'If', 'Bob', 'had', 'left', 'home', 'for', 'work', 'on', 'time,', 'he', 'would', 'be', 'gone', 'by', 'this', 'time.']","['Adam', ""can't"", 'leave', 'work', 'here', 'until', 'Bob', 'arrives', 'to', 'replace', 'him.', 'If', 'Bob', 'had', 'left', 'home', 'for', 'work', 'on', 'time,', 'he', 'would', 'be', 'here', 'by', 'this', 'time.']",he,he,20,20,Adam,Bob,0,6,Bob,Adam,6,0,gone,23,here,23
48,"The dog chased the cat, which ran up a tree. It waited at the bottom.","The dog chased the cat, which ran up a tree. It waited at the top.","['The', 'dog', 'chased', 'the', 'cat,', 'which', 'ran', 'up', 'a', 'tree.', 'It', 'waited', 'at', 'the', 'bottom.']","['The', 'dog', 'chased', 'the', 'cat,', 'which', 'ran', 'up', 'a', 'tree.', 'It', 'waited', 'at', 'the', 'top.']",It,It,10,10,The dog,The cat,0,3,The cat,The dog,3,0,bottom,14,top,14
49,"Tom said ""Check"" to Ralph as he moved his bishop.","Tom said ""Check"" to Ralph as he took his bishop.","['Tom', 'said', '""Check""', 'to', 'Ralph', 'as', 'he', 'moved', 'his', 'bishop.']","['Tom', 'said', '""Check""', 'to', 'Ralph', 'as', 'he', 'took', 'his', 'bishop.']",his,his,8,8,Tom,Ralph,0,4,Ralph,Tom,4,0,moved,7,took,7
50,"Jackson was greatly influenced by Arnold, though he lived two centuries later.","Jackson was greatly influenced by Arnold, though he lived two centuries earlier.","['Jackson', 'was', 'greatly', 'influenced', 'by', 'Arnold,', 'though', 'he', 'lived', 'two', 'centuries', 'later.']","['Jackson', 'was', 'greatly', 'influenced', 'by', 'Arnold,', 'though', 'he', 'lived', 'two', 'centuries', 'earlier.']",he,he,7,7,Jackson,Arnold,0,5,Arnold,Jackson,5,0,later,11,earlier,11
51,"Although they ran at about the same speed, Sue beat Sally because she had such a bad start.","Although they ran at about the same speed, Sue beat Sally because she had such a good start.","['Although', 'they', 'ran', 'at', 'about', 'the', 'same', 'speed,', 'Sue', 'beat', 'Sally', 'because', 'she', 'had', 'such', 'a', 'bad', 'start.']","['Although', 'they', 'ran', 'at', 'about', 'the', 'same', 'speed,', 'Sue', 'beat', 'Sally', 'because', 'she', 'had', 'such', 'a', 'good', 'start.']",she,she,12,12,Sally,Sue,10,8,Sue,Sally,8,10,bad,16,good,16
52,The woman held the girl against her chest.,The woman held the girl against her will.,"['The', 'woman', 'held', 'the', 'girl', 'against', 'her', 'chest.']","['The', 'woman', 'held', 'the', 'girl', 'against', 'her', 'will.']",her,her,6,6,The woman,The girl,0,3,The girl,The woman,3,0,chest,7,will,7
53,The large ball crashed right through the table because it was made of styrofoam.,The large ball crashed right through the table because it was made of steel.,"['The', 'large', 'ball', 'crashed', 'right', 'through', 'the', 'table', 'because', 'it', 'was', 'made', 'of', 'styrofoam.']","['The', 'large', 'ball', 'crashed', 'right', 'through', 'the', 'table', 'because', 'it', 'was', 'made', 'of', 'steel.']",it,it,9,9,The table,The large ball,6,0,The large ball,The table,0,6,styrofoam,13,steel,13
54,"The path to the lake was blocked, so we couldn't use it.","The path to the lake was blocked, so we couldn't reach it.","['The', 'path', 'to', 'the', 'lake', 'was', 'blocked,', 'so', 'we', ""couldn't"", 'use', 'it.']","['The', 'path', 'to', 'the', 'lake', 'was', 'blocked,', 'so', 'we', ""couldn't"", 'reach', 'it.']",it,it,11,11,The path,The lake,0,3,The lake,The path,3,0,use,10,reach,10
55,Jane gave Joan candy because she was hungry.,Jane gave Joan candy because she wasn't hungry.,"['Jane', 'gave', 'Joan', 'candy', 'because', 'she', 'was', 'hungry.']","['Jane', 'gave', 'Joan', 'candy', 'because', 'she', ""wasn't"", 'hungry.']",she,she,5,5,Joan,Jane,2,0,Jane,Joan,0,2,was,6,wasn't,6
56,Fred watched TV while George went out to buy groceries. After an hour he got back.,Fred watched TV while George went out to buy groceries. After an hour he got up.,"['Fred', 'watched', 'TV', 'while', 'George', 'went', 'out', 'to', 'buy', 'groceries.', 'After', 'an', 'hour', 'he', 'got', 'back.']","['Fred', 'watched', 'TV', 'while', 'George', 'went', 'out', 'to', 'buy', 'groceries.', 'After', 'an', 'hour', 'he', 'got', 'up.']",he,he,13,13,George,Fred,4,0,Fred,George,0,4,back,15,up,15
58,"Sam and Amy are passionately in love, but Amy's parents are unhappy about it, because they are snobs.","Sam and Amy are passionately in love, but Amy's parents are unhappy about it, because they are fifteen.","['Sam', 'and', 'Amy', 'are', 'passionately', 'in', 'love,', 'but', ""Amy's"", 'parents', 'are', 'unhappy', 'about', 'it,', 'because', 'they', 'are', 'snobs.']","['Sam', 'and', 'Amy', 'are', 'passionately', 'in', 'love,', 'but', ""Amy's"", 'parents', 'are', 'unhappy', 'about', 'it,', 'because', 'they', 'are', 'fifteen.']",they,they,15,15,Amy's parents,Sam and Amy,8,0,Sam and Amy,Amy's parents,0,8,snobs,17,fifteen,17
59,"Bob paid for Charlie's college education, but now Charlie acts as though it never happened. He is very hurt.","Bob paid for Charlie's college education, but now Charlie acts as though it never happened. He is very ungrateful.","['Bob', 'paid', 'for', ""Charlie's"", 'college', 'education,', 'but', 'now', 'Charlie', 'acts', 'as', 'though', 'it', 'never', 'happened.', 'He', 'is', 'very', 'hurt.']","['Bob', 'paid', 'for', ""Charlie's"", 'college', 'education,', 'but', 'now', 'Charlie', 'acts', 'as', 'though', 'it', 'never', 'happened.', 'He', 'is', 'very', 'ungrateful.']",He,He,15,15,Bob,Charlie,0,3,Charlie,Bob,3,0,hurt,18,ungrateful,18
61,"Fred is the only man alive who still remembers my father as an infant. When Fred first saw my father, he was twelve years old.","Fred is the only man alive who still remembers my father as an infant. When Fred first saw my father, he was twelve months old.","['Fred', 'is', 'the', 'only', 'man', 'alive', 'who', 'still', 'remembers', 'my', 'father', 'as', 'an', 'infant.', 'When', 'Fred', 'first', 'saw', 'my', 'father,', 'he', 'was', 'twelve', 'years', 'old.']","['Fred', 'is', 'the', 'only', 'man', 'alive', 'who', 'still', 'remembers', 'my', 'father', 'as', 'an', 'infant.', 'When', 'Fred', 'first', 'saw', 'my', 'father,', 'he', 'was', 'twelve', 'months', 'old.']",he,he,20,20,Fred,My father,0,9,My father,Fred,9,0,years,23,months,23
62,Jane knocked on Susan's door but she did not answer.,Jane knocked on Susan's door but she did not get an answer.,"['Jane', 'knocked', 'on', ""Susan's"", 'door', 'but', 'she', 'did', 'not', 'answer.']","['Jane', 'knocked', 'on', ""Susan's"", 'door', 'but', 'she', 'did', 'not', 'get', 'an', 'answer.']",she,she,6,6,Susan,Jane,3,0,Jane,Susan,0,3,answer,9,get an answer,9
63,"Jane knocked on Susan's door, but there was no answer. She was disappointed.","Jane knocked on Susan's door, but there was no answer. She was out.","['Jane', 'knocked', 'on', ""Susan's"", 'door,', 'but', 'there', 'was', 'no', 'answer.', 'She', 'was', 'disappointed.']","['Jane', 'knocked', 'on', ""Susan's"", 'door,', 'but', 'there', 'was', 'no', 'answer.', 'She', 'was', 'out.']",She,She,10,10,Jane,Susan,0,3,Susan,Jane,3,0,disappointed,12,out,12
64,The foxes are getting in at night and attacking the chickens. They have gotten very bold.,The foxes are getting in at night and attacking the chickens. They have gotten very nervous.,"['The', 'foxes', 'are', 'getting', 'in', 'at', 'night', 'and', 'attacking', 'the', 'chickens.', 'They', 'have', 'gotten', 'very', 'bold.']","['The', 'foxes', 'are', 'getting', 'in', 'at', 'night', 'and', 'attacking', 'the', 'chickens.', 'They', 'have', 'gotten', 'very', 'nervous.']",They,They,11,11,The foxes,The chickens,0,9,The chickens,The foxes,9,0,bold,15,nervous,15
65,The foxes are getting in at night and attacking the chickens. I shall have to kill them.,The foxes are getting in at night and attacking the chickens. I shall have to guard them.,"['The', 'foxes', 'are', 'getting', 'in', 'at', 'night', 'and', 'attacking', 'the', 'chickens.', 'I', 'shall', 'have', 'to', 'kill', 'them.']","['The', 'foxes', 'are', 'getting', 'in', 'at', 'night', 'and', 'attacking', 'the', 'chickens.', 'I', 'shall', 'have', 'to', 'guard', 'them.']",them,them,16,16,The foxes,The chickens,0,9,The chickens,The foxes,9,0,kill,15,guard,15
66,This book introduced Shakespeare to Goethe; it was a major influence on his writing.,This book introduced Shakespeare to Ovid; it was a major influence on his writing.,"['This', 'book', 'introduced', 'Shakespeare', 'to', 'Goethe;', 'it', 'was', 'a', 'major', 'influence', 'on', 'his', 'writing.']","['This', 'book', 'introduced', 'Shakespeare', 'to', 'Ovid;', 'it', 'was', 'a', 'major', 'influence', 'on', 'his', 'writing.']",his,his,12,12,Goethe,Shakespeare,5,3,Shakespeare,Ovid,3,5,Goethe,5,Ovid,5
67,This book introduced Shakespeare to Ovid; it was a fine selection of his writing.,This book introduced Shakespeare to Goethe; it was a fine selection of his writing.,"['This', 'book', 'introduced', 'Shakespeare', 'to', 'Ovid;', 'it', 'was', 'a', 'fine', 'selection', 'of', 'his', 'writing.']","['This', 'book', 'introduced', 'Shakespeare', 'to', 'Goethe;', 'it', 'was', 'a', 'fine', 'selection', 'of', 'his', 'writing.']",his,his,12,12,Ovid,Shakespeare,5,3,Shakespeare,Goethe,3,5,Ovid,5,Goethe,5
68,Frank felt vindicated when his longtime rival Bill revealed that he was the winner of the competition.,Frank felt crushed when his longtime rival Bill revealed that he was the winner of the competition.,"['Frank', 'felt', 'vindicated', 'when', 'his', 'longtime', 'rival', 'Bill', 'revealed', 'that', 'he', 'was', 'the', 'winner', 'of', 'the', 'competition.']","['Frank', 'felt', 'crushed', 'when', 'his', 'longtime', 'rival', 'Bill', 'revealed', 'that', 'he', 'was', 'the', 'winner', 'of', 'the', 'competition.']",he,he,10,10,Frank,Bill,0,7,Bill,Frank,7,0,vindicated,2,crushed,2
69,Pete envies Martin because he is very successful.,Pete envies Martin although he is very successful.,"['Pete', 'envies', 'Martin', 'because', 'he', 'is', 'very', 'successful.']","['Pete', 'envies', 'Martin', 'although', 'he', 'is', 'very', 'successful.']",he,he,4,4,Martin,Pete,2,0,Pete,Martin,0,2,because,3,although,3
71,Carol believed that Rebecca regretted that she had stolen the watch.,Carol believed that Rebecca suspected that she had stolen the watch.,"['Carol', 'believed', 'that', 'Rebecca', 'regretted', 'that', 'she', 'had', 'stolen', 'the', 'watch.']","['Carol', 'believed', 'that', 'Rebecca', 'suspected', 'that', 'she', 'had', 'stolen', 'the', 'watch.']",she,she,6,6,Rebecca,Carol,3,0,Carol,Rebecca,0,3,regretted,4,suspected,4
73,"John ordered Bill to leave, so an hour later he left.","John promised Bill to leave, so an hour later he left.","['John', 'ordered', 'Bill', 'to', 'leave,', 'so', 'an', 'hour', 'later', 'he', 'left.']","['John', 'promised', 'Bill', 'to', 'leave,', 'so', 'an', 'hour', 'later', 'he', 'left.']",he,he,9,9,Bill,John,2,0,John,Bill,0,2,ordered,1,promised,1
74,The firemen arrived before the police because they were coming from so far away.,The firemen arrived after the police because they were coming from so far away.,"['The', 'firemen', 'arrived', 'before', 'the', 'police', 'because', 'they', 'were', 'coming', 'from', 'so', 'far', 'away.']","['The', 'firemen', 'arrived', 'after', 'the', 'police', 'because', 'they', 'were', 'coming', 'from', 'so', 'far', 'away.']",they,they,7,7,The police,The firemen,4,0,The firemen,The police,0,4,before,3,after,3
75,I put the butterfly wing on the table and it broke.,I put the heavy book on the table and it broke.,"['I', 'put', 'the', 'butterfly', 'wing', 'on', 'the', 'table', 'and', 'it', 'broke.']","['I', 'put', 'the', 'heavy', 'book', 'on', 'the', 'table', 'and', 'it', 'broke.']",it,it,9,9,The butterfly wing,The table,2,6,The table,The heavy book,6,2,the butterfly wing,2,the heavy book,2
76,Anna did a lot worse than her good friend Lucy on the test because she had studied so hard.,Anna did a lot better than her good friend Lucy on the test because she had studied so hard.,"['Anna', 'did', 'a', 'lot', 'worse', 'than', 'her', 'good', 'friend', 'Lucy', 'on', 'the', 'test', 'because', 'she', 'had', 'studied', 'so', 'hard.']","['Anna', 'did', 'a', 'lot', 'better', 'than', 'her', 'good', 'friend', 'Lucy', 'on', 'the', 'test', 'because', 'she', 'had', 'studied', 'so', 'hard.']",she,she,14,14,Lucy,Anna,9,0,Anna,Lucy,0,9,worse,4,better,4
77,Jim comforted Kevin because he was so upset.,Jim yelled at Kevin because he was so upset.,"['Jim', 'comforted', 'Kevin', 'because', 'he', 'was', 'so', 'upset.']","['Jim', 'yelled', 'at', 'Kevin', 'because', 'he', 'was', 'so', 'upset.']",he,he,4,5,Kevin,Jim,2,0,Jim,Kevin,0,3,comforted,1,yelled at,1